Part No,Part Name,Compatible With,Alt Part Nos,Application,Category
11144226,Ring Gear,,,,Drivetrain
15132551,Sun Gear,T450D,,,Drivetrain
11145978,Ring Gear,,,,Drivetrain
11430630,Control Valve,,,,Engine Components
17235351,Planet Gear Kit,,,,Drivetrain
3885070,Sensor,,,,Electrical & Electronics
20459855,Valve Seal,"L402C, W160C, L502C, C280, R145D, D140B, R145C, W180B, C360B, D110B, L402C, W160C, L502C, C280, R145D",,,Engine Components
21628356,Lip Seal,"R145E, C180E, W145B, D135B, C180B, W140D, W180C, R235D, D120C, D115, R145E, C180E, W145B, D135B, C180B",,,Engine Components
20864662,Valve Stem Seal,,,,Engine Components
21990221,Valve Stem Seal,,,,Engine Components
21227124,Sealing Ring,H565,,,Engine Components
21658076,Sealing Ring,H565,,,Engine Components
20459830,Screw,"W145B, C180B, W200B, W180C, W160C, C170D, C235C, W230C, C200B, W160B, W145B, C180B, W200B, W180C, W160C",,,Fasteners & Hardware
21793275,Guide Washer,,,,Fasteners & Hardware
20405504,Screw,"W160C, C210D, R145D, R145C, W140B, W180B, G976, D110B, D140C, C300E, W160C, C210D, R145D, R145C, W140B",,,Fasteners & Hardware
20574451,Oil Pump,"W145B, C180B, W180C, R235D, D115, W160C, C235D, P6820C, W160D, W180E, W145B, C180B, W180C, R235D, D115",,,Engine Components
20537029,Gasket,"R145E, C180E, W145B, D135B, C180B, W140D, W180C, R235D, D120C, D115, R145E, C180E, W145B, D135B, C180B",,,Engine Components
20405886,Rubber Seal,"W145B, G740B, C240B, L120E, C135B, C180B, G710B, G746B, L110E, G730B, W145B, G740B, C240B, L120E, C135B",,,Engine Components
20970720,Cylinder Head Gasket,"D110B, T220, D110, W140C, C200D, C210D, D110B, T220, D110, W140C, C200D",,,Engine Components
20405587,Stud,"G740B, C240B, C135B, G710B, G746B, G730B, G726B, W140B, G780B, C140B, G740B, C240B, C135B, G710B, G746B",,,General Accessories
21125771,Water Pump Kit,"W145B, C300D, T220, C180B, D110, W200B, W180C, W160C, C210D, R305C, W145B, C300D, T220, C180B, D110",,,Engine Components
21404502,Water Pump Kit,"W145B, C300D, T220, C180B, D110, W200B, W180C, W160C, C210D, R305C, W145B, C300D, T220, C180B, D110",,,Engine Components
23191319,Oil Cooler,"W145B, W180C, R235D, D115, W160C, C235D, P6820C, W160D, W180E, C235C, W145B, W180C, R235D, D115, W160C",,,Filtration & Maintenance
20459191,Plug,"W145B, C180B, W180C, R235D, D115, W160C, C235D, W160D, W180E, C235C, W145B, C180B, W180C, R235D, D115",,,General Accessories
20509445,Oil Cooler Box,"W145B, W180C, W160C, C235C, C200B, W230C, W160B, C2421C, C180C, W180B, W145B, W180C, W160C, C235C, C200B",,,Filtration & Maintenance
20405693,Plug,"L120F, L120E, L110F, G710B, G970, L110E, G940, G946, G726B, G930, L120F, L120E, L110F, G710B, G970",,,General Accessories
20450735,Outlet,"W145B, C180B, D721G, D721V, W200B, D660V, D520V, W160B, D551G, D720V, W145B, C180B, D721G, D721V, W200B",,,General Accessories
20459149,Thrust Washer,"W160B, W145B, C180B, C135B, W200B, C160B, W180B, C140B, C210B, W160B, W145B, C180B, C135B, W200B",,,Fasteners & Hardware
11700271,Delivery Valve,"C300D, T220, D110, L110F, C210D, G780B, R305C, C290C, C2924C, W140C, C300D, T220, D110, L110F, C210D",,,Engine Components
20459838,Bolt,"R145E, C180E, W145B, D135B, C180B, W140D, W180C, R235D, D120C, D115, R145E, C180E, W145B, D135B, C180B",,,Fasteners & Hardware
20459998,Bearing Bushing,"R145E, C180E, W145B, D135B, C180B, W180C, D120C, W160C, W180E, C170D, R145E, C180E, W145B, D135B, C180B",,,Drivetrain
23171016,Oil Pump Housing,"C300D, L110F, G780B, R305C, C290C, C2924C, G710B, G940, G976, G746B, C300D, L110F, G780B, R305C, C290C",,,Engine Components
11700426,Sealing Ring,"W145B, T220, C180B, D110, W200B, L402C, G780B, L502C, W160B, G710B, W145B, T220, C180B, D110, W200B",,,Engine Components
20799731,Washer,"W145B, C180B, W180C, W160C, C210D, G780B, C170D, C235C, W160B, W140C, W145B, C180B, W180C, W160C, C210D",,,Fasteners & Hardware
21558299,Tappet,"W160C, C210D, R145D, R145C, G976, D140C, C300E, G940B, C290B, C210B, W160C, C210D, R145D, R145C, G976",,,General Accessories
20405721,Core Plug,"W160C, C210D, R145D, D140B, R145C, W140B, W180B, G976, G746B, G740B, W160C, C210D, R145D, D140B, R145C",,,General Accessories
24212708,Ring Gear,"G940C, L110F, G946C, G780B, L110G, G710B, G940, G976, G746B, G960B, G940C, L110F, G946C, G780B, L110G",,,Drivetrain
20524154,Fuel Pump,"W160B, W145B, D110B, T220, C140B, C180B, C135B, D110, C160B, W180B, W160B, W145B, D110B, T220, C140B",,,Engine Components
24046345,Fuel Pump,"R145E, C180E, W145B, C300D, D135B, W140D, W180C, R235D, D120C, D115, R145E, C180E, W145B, C300D, D135B",,,Engine Components
20405561,Piston Nozzle,"W160C, C210D, R145D, D140B, R145C, W140B, W180B, G976, D110B, D140C, W160C, C210D, R145D, D140B, R145C",,,Engine Components
20405988,Adapter,"W145B, C300D, T220, C180B, D110, W200B, C200B, W160B, W140B, W180B, W145B, C300D, T220, C180B, D110",,,General Accessories
20930510,Oil Separator,"W160C, R145D, R145C, G976, D110B, D140C, C300E, G940B, C290B, C210B, W160C, R145D, R145C, G976, D110B",,,Filtration & Maintenance
21186479,Solenoid,,,,General Accessories
21033328,Starter Gear Ring,"C250E, R145E, C180E, W145B, C300D, D135B, T220, C180B, D110, W140D, C250E, R145E, C180E, W145B, C300D",,,Drivetrain
54864268,Fuel Filter Housing,"C250E, R145E, C180E, C300D, D135B, G940C, L110F, W140D, W180C, R235D, C250E, R145E, C180E, C300D, D135B",,,Filtration & Maintenance
11700334,Screw,"C300D, T220, D110, L110F, C210D, G780B, R305C, C290C, C2924C, W140C, C300D, T220, D110, L110F, C210D",,,Fasteners & Hardware
20412733,Core Plug,"W160C, C210D, R145D, D140B, R145C, W180B, G976, G746B, G740B, D110B, W160C, C210D, R145D, D140B, R145C",,,General Accessories
20459839,Bushing,"R145E, C180E, W145B, D135B, C180B, W180C, D120C, W160C, W180E, C170D, R145E, C180E, W145B, D135B, C180B",,,General Accessories
20412745,Core Plug,"W160C, C210D, R145D, D140B, R145C, W140B, W180B, G976, G746B, G740B, W160C, C210D, R145D, D140B, R145C",,,General Accessories
20816389,Adjusting Screw,"W145B, C300D, L110F, W180C, W160C, R305C, C235C, W230C, C290C, C2924C, W145B, C300D, L110F, W180C, W160C",,,Fasteners & Hardware
20451008,Pulley,"C240B, C290B, C240B, C290B",,,General Accessories
20593357,Flange Screw,"W160C, C210D, R145D, D140B, R145C, W140B, W180B, G976, G746B, G740B, W160C, C210D, R145D, D140B, R145C",,,Fasteners & Hardware
20913851,Adjusting Screw,"W145B, C300D, T220, D110, L110F, W180C, W160C, C210D, R305C, C170D, W145B, C300D, T220, D110, L110F",,,Fasteners & Hardware
20799722,Plug,"C300D, T220, D110, L110F, C210D, R305C, C290C, C2924C, W140C, G940, C300D, T220, D110, L110F, C210D",,,General Accessories
20459202,Gasket,"D764V, W160C, R145D, D760V, D140B, R145C, W180B, D734G, D560V, D110B, D764V, W160C, R145D, D760V, D140B",,,Engine Components
20459222,Gasket,"W145B, C180B, W200B, W180C, W160C, C235C, W230C, C200B, W160B, R145C, W145B, C180B, W200B, W180C, W160C",,,Engine Components
20459961,Sealing Ring,"W145B, C300D, T220, C180B, D110, L110F, W180C, W160C, C210D, G780B, W145B, C300D, T220, C180B, D110",,,Engine Components
24349306,Gasket,"C300D, L110F, R305C, C290C, C2924C, G940, G976, G990, L120F, L120E, C300D, L110F, R305C, C290C, C2924C",,,Engine Components
20591706,Gasket,"C300D, T220, D110, L110F, C210D, G780B, R305C, C290C, C2924C, W140C, C300D, T220, D110, L110F, C210D",,,Engine Components
21792306,Plane Gasket,"R145D, D110B, T220, C140C, D110, W140C, W140D, C180D, C200D, C140D, R145D, D110B, T220, C140C, D110",,,Engine Components
23479847,Gasket,"D110B, T220, D110, W140C, C200D, C210D, D110B, T220, D110, W140C, C200D",,,Engine Components
21027485,Gasket,"D110B, T220, D110, W140C, C200D, C210D, D110B, T220, D110, W140C, C200D",,,Engine Components
20459854,Valve Seat,"W160B, W145B, C140B, C180B, C135B, C160B, W180B, W200B, C210B, W160B, W145B, C140B, C180B, C135B",,,Engine Components
20459852,Valve Seat,"W160B, W145B, C140B, C180B, C135B, C160B, W180B, W200B, C210B, W160B, W145B, C140B, C180B, C135B",,,Engine Components
21026536,Exhaust Valve,"W160B, W145B, C140B, C180B, C135B, C160B, W180B, W200B, C210B, W160B, W145B, C140B, C180B, C135B",,,Engine Components
20972267,Valve Gasket,"D110B, T220, D110, W140C, C200D, C210D, D110B, T220, D110, W140C, C200D",,,Engine Components
22731065,Crankshaft Seal,,,,Drivetrain
21294062,Gasket,"C340D, C350E, D1344G, D1353V, L260H, C480E, D1354G, D1374V, D1351G, D1345G, C340D, C350E, D1344G, D1353V, L260H",,,Engine Components
21742293,Gasket,,,,Engine Components
21877169,Crankshaft Seal,,,,Drivetrain
8230-35420,Clip_Circle,"C460C, C480D, C460B, C460, C460C, C480D, C460B, C460",,,General Accessories
14534413,Cover,"C340D, C300D, C120D, R235D, C235D, C210D, R305C, C350D, C235C, R145D, C340D, C300D, C120D, R235D, C235D",,,General Accessories
14693326,Cover,"C340D, C300D, C120D, W140D, W180C, W160C, C235D, C210D, W160D, C350D, C340D, C300D, C120D, W140D, W180C",,,General Accessories
9012-53021,Screw,,,,Fasteners & Hardware
14696740,Cover,"C340D, C300D, C120D, W140D, W180C, C235D, W160C, L4608, W160D, C350D, C340D, C300D, C120D, W140D, W180C",,,General Accessories
14560211,Lip Seal,"C350E, C340D, C480E, R305C, W180E, C350D, W230C, C460B, C380D, C360B, C350E, C340D, C480E, R305C, W180E",,,Engine Components
983509,O-Ring,"C350E, W160C, C210D, R145D, R145C, C360B, C950E, C300E, W180, C460C, C350E, W160C, C210D, R145D, R145C",,,Fasteners & Hardware
8230-28370,Seal,"C250E, C300D, C290C, C240B, C2924C, C460B, C220E, C300E, C235C, C240C, C250E, C300D, C290C, C240B, C2924C",,,Engine Components
14709332,Seal,"C250E, C180E, R235D, C210D, C200B, C180D, C160D, C160E, R235E, C140C, C250E, C180E, R235D, C210D, C200B",,,Engine Components
8230-22380,Ring,"C460C, C480D, C460B, C460, C460C, C480D, C460B, C460",,,Fasteners & Hardware
14529769,Plate,"R235D, C480E, C235D, C210D, W180E, C235C, C200B, C460B, C2421C, R235E, R235D, C480E, C235D, C210D, W180E",,,General Accessories
14589136,Sealing Kit,"C300D, C290C, C480D, R355E, C3329C, C300E, C380D, C480E, R305C, C700B, C300D, C290C, C480D, R355E, C3329C",,,Engine Components
14589143,Sealing Kit,"C460C, C480D, C460B, C480E, C460C, C480D, C460B, C480E",,,Engine Components
14502645,Sealing Kit,"C350E, C360, C330C, C340D, C330B, C480D, C460B, C360B, C460, C360C, C350E, C360, C330C, C340D, C330B",,,Engine Components
14589138,Sealing Kit,"C300D, C290C, C3329C, C300E, C360C, C380D, R305C, C380E, C290, C290B, C300D, C290C, C3329C, C300E, C360C",,,Engine Components
14625659,Seal,"C480D, C460B, C480E, C480D, C460B, C480E",,,Engine Components
16688307,Sensor,"C350E, L260H, W160C, C210D, R145C, W140B, W180B, C360B, C950E, C300E, C350E, L260H, W160C, C210D, R145C",,,Electrical & Electronics
14576774,Electric Motor,"C250E, C350E, C340D, W145B, C300D, C180E, C180B, C120D, W140D, W180C, C250E, C350E, C340D, W145B, C300D",,,General Accessories
14503256,Condenser,"W145B, C330B, C240B, C460B, C180B, C360B, C160B, C290B, W145B, C330B, C240B, C460B, C180B",,,General Accessories
14612048,Filter,"C340D, R145E, W145B, C300D, C120D, W140D, W180C, R235D, C235D, C210D, C340D, R145E, W145B, C300D, C120D",,,Filtration & Maintenance
14725906,Gauge,"C350E, W160C, C210D, R145D, R145C, C360B, C950E, C300E, W180, C460C, C350E, W160C, C210D, R145D, R145C",,,General Accessories
14625688,Ventilation Filter,"C340D, C350E, C330C, C360, C330B, C480D, C460B, C360B, C460, C360C, C340D, C350E, C330C, C360, C330B",,,Filtration & Maintenance
14506431,Connecting Bellows,C360B,,,General Accessories
7118-30480,Thrust Washer,"W180C, R235D, C480E, C235D, C210D, W180E, C235C, C200B, C460B, C2421C, W180C, R235D, C480E, C235D, C210D",,,Fasteners & Hardware
14716437,Shim,"C250E, C300D, C180B, C240, W170, C480E, R305C, C290C, C2924C, R355E, C250E, C300D, C180B, C240, W170",,,General Accessories
14716436,Shim,"C250E, C300D, C180B, C240, W170, C480E, R305C, C290C, C2924C, R355E, C250E, C300D, C180B, C240, W170",,,General Accessories
14550162,Cover,"C300D, C290C, C480D, R355E, C3329C, C300E, C380D, C480E, R305C, C700B, C300D, C290C, C480D, R355E, C3329C",,,General Accessories
14541571,Pin,"C700B, C700C, C700B, C700C",,,General Accessories
7118-30460,Thrust Washer,"W180C, R235D, C480E, C235D, C210D, W180E, C235C, C200B, C460B, C2421C, W180C, R235D, C480E, C235D, C210D",,,Fasteners & Hardware
14522680,Shim,"C950E, C750D, C750E, C700B, C700C, C950E, C750D, C750E, C700B, C700C",,,General Accessories
14522681,Shim,"C950E, C750D, C750E, C700B, C700C, C950E, C750D, C750E, C700B, C700C",,,General Accessories
8230-35590,Spacer,"C460C, C480D, C460B, C460, C460C, C480D, C460B, C460",,,General Accessories
14511215,O-Ring,"C250E, C350E, C340D, R145E, C300D, W145B, C180B, R235D, C480E, C235D, C250E, C350E, C340D, R145E, C300D",,,Fasteners & Hardware
14560206,Seal,"C250E, C350E, C340D, R145E, C300D, C180E, C180B, W180C, R235D, C480E, C250E, C350E, C340D, R145E, C300D",,,Engine Components
14560207,Seal,"C250E, C300D, R235D, C480E, C235D, C210D, R305C, C235C, C200B, C290C, C250E, C300D, R235D, C480E, C235D",,,Engine Components
14560214,Seal,"C950E, C750D, C480D, C460B, C750E, C480E, C460C, C700B, C700C, C950E, C750D, C480D, C460B, C750E",,,Engine Components
14588459,Seal,"C340D, W145B, C300D, C180B, R235D, C235D, R305C, C235C, C200B, R145D, C340D, W145B, C300D, C180B, R235D",,,Engine Components
14559058,Sealing Strip,"C250E, C180E, R235D, C210D, C200B, C180D, C160D, C160E, R235E, C140C, C250E, C180E, R235D, C210D, C200B",,,Engine Components
14669821,Ring,,,,Fasteners & Hardware
14727026,Bushing,"W210C, C480D, C460B, C480E, C460C, W210D, W230C, W210C, C480D, C460B, C480E, C460C",,,General Accessories
14550165,Bushing,"C300D, C290C, C480D, R355E, C3329C, C300E, C380D, C480E, R305C, C700B, C300D, C290C, C480D, R355E, C3329C",,,General Accessories
14880984,Bushing,"C300D, C290C, C480D, R355E, C3329C, C300E, C380D, C480E, R305C, C700B, C300D, C290C, C480D, R355E, C3329C",,,General Accessories
9612-13050,Bearing,"C750D, C480D, C460B, C460, C750E, C480E, C460C, C700B, C700C, C750D, C480D, C460B, C460, C750E",,,Drivetrain
14515349,Bushing,"C480D, C460B, C480E, C460C, R305C, C480D, C460B, C480E, C460C, R305C",,,General Accessories
14515557,Bushing_Hudraul,"W210C, C480D, C460B, C460, C480E, C460C, C700B, C700C, W230C, W210C, C480D, C460B, C460, C480E",,,General Accessories
9612-09540,Bearing,"C300D, W180C, R235D, C480E, C235D, C210D, R305C, C350D, C235C, W230C, C300D, W180C, R235D, C480E, C235D",,,Drivetrain
14550166,Bushing,"C300D, C290C, C480D, R355E, C3329C, C300E, C380D, C480E, R305C, C380E, C300D, C290C, C480D, R355E, C3329C",,,General Accessories
14517941,Bushing,"C250E, C300D, C240, W180C, R235D, C235D, C210D, R305C, W180E, C235C, C250E, C300D, C240, W180C, R235D",,,General Accessories
9612-11050,Bearing,"C300D, C290C, C480D, C460B, R355E, C300E, C460, C480E, C460C, R305C, C300D, C290C, C480D, C460B, R355E",,,Drivetrain
14548291,Pin,"C350E, C340D, C480D, C460B, C360C, C380D, C460C, C380E, C350D, C350E, C340D, C480D, C460B, C360C",,,General Accessories
8230-36840,Sealing Kit,"C350E, W160C, C210D, R145D, R145C, C360B, C950E, C300E, W180, C460C, C350E, W160C, C210D, R145D, R145C",,,Engine Components
8230-22020,Seal,"C350E, C340D, C300D, C480E, C450, R305C, C350D, C235C, C290C, C2924C, C350E, C340D, C300D, C480E, C450",,,Engine Components
14532260,Strainer,"C350E, W160C, C210D, R145D, R145C, C360B, C950E, C300E, W180, C460C, C350E, W160C, C210D, R145D, R145C",,,General Accessories
14750655,Filter Cartridge,,,,Filtration & Maintenance
11145206,Disc Kit,"L110E, L120E, L150E, L180E, L110E, L120E, L150E, L180E",,,Brake & Steering Systems
11144991,Disc Kit,"G946B, G970, G960, G946, G940, G930, G940B, G976, G960B, G930B, G946B, G970, G960, G946, G940",,,Brake & Steering Systems
69779,Spacer,"G730, G940C, G780, G946C, G780B, G726, G710, G710B, G940, G736, G730, G940C, G780, G946C, G780B",,,General Accessories
12742701,Electric Socket,"G946B, G940C, G970, G960C, G960, G946, G940, G930, G946C, G940B, G946B, G940C, G970, G960C, G960",,,General Accessories
12749827,Ball Joint,"G946B, G940C, G970, G960C, G960, G946, G940, G930, G946C, G940B, G946B, G940C, G970, G960C, G960",,,General Accessories
69781,Wear Plate,"G730, G940C, G780, G946C, G780B, G726, G710, G710B, G940, G736, G730, G940C, G780, G946C, G780B",,,General Accessories
52338,Valve,"G730, G940C, G780, G946C, G780B, G726, G710, G710B, G940, G736, G730, G940C, G780, G946C, G780B",,,Engine Components
78685,Wear Plate,"G730, G940C, G946C, G780, G726, G780B, G710, G710B, G940, G736, G730, G940C, G946C, G780, G726",,,General Accessories
87022,Wear Plate,"G730, G940C, G780, G946C, G780B, G726, G710, G710B, G940, G736, G730, G940C, G780, G946C, G780B",,,General Accessories
12744293,Wear Plate,"G730, G940C, G946C, G780, G780B, G726, G710, G710B, G940, G736, G730, G940C, G946C, G780, G780B",,,General Accessories
54934,Pin,"G730, G940C, G780, G946C, G780B, G726, G710, G710B, G940, G736, G730, G940C, G780, G946C, G780B",,,General Accessories
12739541,Shaft,"G946B, G940C, G970, G960C, G960, G946, G940, G930, G946C, G940B, G946B, G940C, G970, G960C, G960",,,Drivetrain
78343,Thrust Washer,"G730, G780, G780B, G726, G710, G710B, G940, G736, G976, G746B, G730, G780, G780B, G726, G710",,,Fasteners & Hardware
12732681,Pedal Lever,"G730, G940C, G780, G946C, G780B, G726, G710, G710B, G940, G736, G730, G940C, G780, G946C, G780B",,,General Accessories
58978,Guide Plate,"G730, G940C, G780, G946C, G780B, G726, G710, G710B, G940, G736, G730, G940C, G780, G946C, G780B",,,General Accessories
78684,Wear Plate,"G730, G940C, G946C, G780, G726, G780B, G710, G710B, G940, G736, G730, G940C, G946C, G780, G726",,,General Accessories
12747900,Shim,"G946B, G940C, G970, G960C, G960, G946, G940, G930, G946C, G940B, G946B, G940C, G970, G960C, G960",,,General Accessories
79008,Shim,,,,General Accessories
12727728,Bearing,"G940C, G946C, G780B, G710B, G940, G976, G746B, G960B, G720B, G740B, G940C, G946C, G780B, G710B, G940",,,Drivetrain
11445418,Accumulator,,,,General Accessories
17258321,Accumulator,"G940C, L110F, L260H, G946C, L110G, L180H, L150G, L250G, G940, G976, G940C, L110F, L260H, G946C, L110G",,,General Accessories
17258319,Accumulator,"G940C, L260H, G946C, L180H, L150G, L250G, G940, G976, G990, G930C, G940C, L260H, G946C, L180H, L150G",,,General Accessories
11195648,Accumulator,L330C,,,General Accessories
17262261,Accumulator,"G970, G960, G946, G940, G930, G976, G990, G970, G960, G946, G940, G930",,,General Accessories
17262260,Accumulator,"T450D, L180F, L180H, L180E, L180G, T450D, L180F, L180H, L180E, L180G",,,General Accessories
22225554,Modulator,,,,General Accessories
23166782,Air Production Modulator,,,,General Accessories
23690616,Air Production Modulator,,,,General Accessories
23172347,Kit,,,,General Accessories
20919484,Valve Guide,,,,Engine Components
21862164,Shock Absorber,,,,General Accessories
270950,Sealing Kit,"C350E, D1230V, L260H, D1240V, D1341, C360B, D1350G, D1211V, D121K, D1343V, C350E, D1230V, L260H, D1240V, D1341",,,Engine Components
20460011,Piston Ring Kit,"W145B, C180B, W180C, W160C, C235C, C200B, W230C, W160B, C2421C, C180C, W145B, C180B, W180C, W160C, C235C",,,Engine Components
3826320,Piston Set,"D1630G, D1630P, D1631G, D1630G, D1630P, D1631G",,,Engine Components
24124155,Camshaft Bearing Kit,"D941V, D951V, D1150, D943V, D940V, D940G, D1140, G940, G976, D952V, D941V, D951V, D1150, D943V, D940V",,,Drivetrain
24124151,Bearing Shell Kit,"D941V, D951V, D1150, D943V, D940V, D940G, D1140, G940, D1180, G976, D941V, D951V, D1150, D943V, D940V",,,Drivetrain
20459139,Main Bearing,,,,Drivetrain
20459147,Bearing,,,,Drivetrain
20530103,Valve Seat,"C540, C380, C500, C460, C420, C540, C380, C500, C460, C420",,,Engine Components
20583429,Bushing,"D1150, D1170, D1140, D950, D1180, D1150, D1170, D1140, D950, D1180",,,General Accessories
20561997,Valve Seat,,,,Engine Components
20730398,Bushing,"L220H, C350E, C340D, L150H, L180H, L150G, C480D, L250G, C380D, L260H, L220H, C350E, C340D, L150H, L180H",,,General Accessories
21253763,Piston Ring Kit,"D1346G, D1371, D1363, D1360, D1351, D1346G, D1371, D1363, D1360, D1351",,,Engine Components
20852790,Liner,,,,General Accessories
15180002,Speed Sensor,,,,Electrical & Electronics
11168132,Guide Ring,,,,Fasteners & Hardware
15010273,Tank Unit,"L220H, L150H, L150G, L250G, L260H, L220G, L180G, L250H, L220H, L150H, L150G, L250G, L260H",,,General Accessories
21426987,Speed Sensor,,,,Electrical & Electronics
21638691,Fuel Regulator,"D764V, W160C, C210D, R145D, D760V, R145C, G976, D734G, D560V, D140C, D764V, W160C, C210D, R145D, D760V",,,General Accessories
20729227,Sealing Ring,"W145B, C180B, C135B, C160B, C140B, C210B, W145B, C180B, C135B, C160B, C140B",,,Engine Components
20973777,Service Kit,"R145E, C180E, W145B, C300D, D135B, L110F, W140D, W180C, R235D, D120C, R145E, C180E, W145B, C300D, D135B",,,General Accessories
15029990,Fuel Pump,,,,Engine Components
21376721,Connector,"C250E, R145E, C180E, D135B, G940C, D120C, G946C, W180E, C160E, G930C, C250E, R145E, C180E, D135B, G940C",,,General Accessories
21376731,Connector,"C250E, R145E, C180E, D135B, G940C, D120C, G946C, W180E, C160E, G930C, C250E, R145E, C180E, D135B, G940C",,,General Accessories
992231,Nipple,"L220H, C350E, L150H, L180H, C750E, L260H, C480E, L250H, C380E, L220H, C350E, L150H, L180H, C750E",,,General Accessories
992234,Nipple,"L220H, C350E, C340D, L150H, L180H, L150G, C480D, L250G, C750E, L260H, L220H, C350E, C340D, L150H, L180H",,,General Accessories
993220,Elbow Nipple,,,,General Accessories
994180,Nipple,,,,General Accessories
60112926,Nipple,,,,General Accessories
16284726,Wiper Mechanism,,,,General Accessories
925071,O-Ring,"L120D, L120C, L110F, L180E, L180, W230, C150, W150C, L150C, L150, L120D, L120C, L110F, L180E, L180",,,Fasteners & Hardware
20459953,Sealing Ring,"W145B, C180B, W200B, W180C, W160C, C170D, C235C, W230C, C200B, W160B, W145B, C180B, W200B, W180C, W160C",,,Engine Components
13977183,O-Ring,"L220F, L220D, L260H, L180E, L180, L150C, L150, L180C, L180H, L150G, L220F, L220D, L260H, L180E, L180",,,Fasteners & Hardware
20798076,O-Ring,"C300D, T220, D110, L110F, C210D, R305C, C290C, C2924C, W140C, G940, C300D, T220, D110, L110F, C210D",,,Fasteners & Hardware
992065,O-Ring,"C350E, C340D, L260H, C480E, L180H, L150G, L250G, C380D, C700C, C950E, C350E, C340D, L260H, C480E, L180H",,,Fasteners & Hardware
20459005,Sealing Ring,"R145E, C180E, W145B, C300D, D135B, T220, C180B, D110, W140D, W200B, R145E, C180E, W145B, C300D, D135B",,,Engine Components
8230-34430,O-Ring,"C460C, C480D, C460B, C460C, C480D, C460B",,,Fasteners & Hardware
11035001,Bearing,"L110G, L120D, L120H, L120F, L120C, L110H, L150H, L150G, L110F, L120E, L110G, L120D, L120H, L120F, L120C",,,Drivetrain
17488284,Roller Bearing,"L220F, L220D, L260H, L180E, L180, L150C, L150, L180C, L180H, L150G, L220F, L220D, L260H, L180E, L180",,,Drivetrain
VKT 8636,Page Not Found!!!,,,,General Accessories
1650419,Needle Bearing,T450D,,,Drivetrain
990495,Ball Bearing,,,,Drivetrain
181648,Bearing,"L120D, L120C, L120, L220D, L180, C150, W150C, L150, L150C, L180C, L120D, L120C, L120, L220D, L180",,,Drivetrain
11144230,Roller Bearing,,,,Drivetrain
1650412,Needle Bearing,"W230B, W230, T450D, W200, W230B, W230, T450D, W200",,,Drivetrain
15010933,Bearing,"L220H, L180F, L150H, L180H, L150G, L250G, L220F, L260H, L150E, L180E, L220H, L180F, L150H, L180H, L150G",,,Drivetrain
11103387,Seal,"L220H, L180F, L150H, L180H, L150G, L250G, L220F, L260H, L150E, L180E, L220H, L180F, L150H, L180H, L150G",,,Engine Components
11103386,Seal,"L220H, L180F, L150H, L180H, L150G, L250G, L220F, L260H, L150E, L180E, L220H, L180F, L150H, L180H, L150G",,,Engine Components
11103371,Piston Seal,"L110G, L120F, L120H, L110H, L120E, L110F, L110E, L120G, L110G, L120F, L120H, L110H, L120E",,,Engine Components
976047,O-Ring,"G940C, L110F, L220F, L260H, G946C, L180E, L110G, L180H, L150G, L250G, G940C, L110F, L220F, L260H, G946C",,,Fasteners & Hardware
11103372,Piston Seal,"L110G, L120F, L120H, L110H, L120E, L110F, L110E, L120G, L110G, L120F, L120H, L110H, L120E",,,Engine Components
958228,O-Ring,"L120D, L120C, L120, G940C, L110F, L220F, L220D, L260H, G946C, L180E, L120D, L120C, L120, G940C, L110F",,,Fasteners & Hardware
944364,O-Ring,"C350E, C340D, L120C, L120, L220F, L260H, C480E, L180E, C450, W230, C350E, C340D, L120C, L120, L220F",,,Fasteners & Hardware
20459904,Sealing Ring,"D110B, T220, C240B, L120E, C135B, D110, L110E, C140B, C290B, D110B, T220, C240B, L120E, C135B",,,Engine Components
20412359,O-Ring,"C250E, R145E, C180E, C300D, C180B, G940C, D110, W140D, W180C, R235D, C250E, R145E, C180E, C300D, C180B",,,Fasteners & Hardware
20405728,Sealing Ring,"W145B, T220, C180B, D110, W200B, G780B, W160B, G710B, W140B, W180B, W145B, T220, C180B, D110, W200B",,,Engine Components
13980042,O-Ring,"L220F, L220D, L260H, L180E, L180, L150C, L150, L180C, L180H, L150G, L220F, L220D, L260H, L180E, L180",,,Fasteners & Hardware
13944686,O-Ring,"L180C, L180F, L150H, L180G, L180H, L150G, L150D, L150, L180D, L150E, L180C, L180F, L150H, L180G, L180H",,,Fasteners & Hardware
20459193,Sealing Ring,"W145B, C180B, W180C, R235D, D115, W160C, C235D, W160D, W180E, C235C, W145B, C180B, W180C, R235D, D115",,,Engine Components
20798827,O-Ring,"W145B, C300D, L110F, W180C, W160C, C210D, R305C, C235C, W230C, C200B, W145B, C300D, L110F, W180C, W160C",,,Fasteners & Hardware
20412325,Sealing Ring,"L110F, G780B, G710B, G940, W140B, G976, G746B, G720B, G740B, G990, L110F, G780B, G710B, G940, W140B",,,Engine Components
11700348,O-Ring,"C300D, T220, D110, L110F, L220F, L180E, C210D, G780B, R305C, C290C, C300D, T220, D110, L110F, L220F",,,Fasteners & Hardware
990737,O-Ring,"C350E, L260H, W160C, C210D, G726, L150C, R145D, C130C, W160, D140, C350E, L260H, W160C, C210D, G726",,,Fasteners & Hardware
20450819,O-Ring,"C250E, R145E, C180E, W145B, C300D, C180B, L110F, R235D, D120C, C235D, C250E, R145E, C180E, W145B, C300D",,,Fasteners & Hardware
20459994,Sealing Ring,"C300D, G940C, L110F, R235D, G946C, D115, C235D, G780B, W160D, L110G, C300D, G940C, L110F, R235D, G946C",,,Engine Components
991044,O-Ring,,,,Fasteners & Hardware
1547254,Sealing Ring,"D1242V, D1240G, D1344G, D941V, D951V, D1251V, D943V, D1351G, D1345G, D1341G, D1242V, D1240G, D1344G, D941V, D951V",,,Engine Components
13967752,O-Ring,"C350E, L260H, W160C, C210D, R145D, D140B, R145C, W140B, W180B, C360B, C350E, L260H, W160C, C210D, R145D",,,Fasteners & Hardware
20450818,O-Ring,"C250E, R145E, C180E, W145B, C300D, D135B, C180B, L110F, R235D, D120C, C250E, R145E, C180E, W145B, C300D",,,Fasteners & Hardware
11419513,O-Ring,,,,Fasteners & Hardware
20459955,Sealing Ring,"W160B, W145B, C140B, C180B, C135B, C160B, W180B, W200B, C210B, W160B, W145B, C140B, C180B, C135B",,,Engine Components
20852762,Sealing Ring,"C340D, L220F, L180E, L150G, C460B, L250G, C380D, C360B, C700C, T450D, C340D, L220F, L180E, L150G, C460B",,,Engine Components
15067330,Steel Disc,T450D,,,Brake & Steering Systems
15067331,Mating Plate,T450D,,,General Accessories
15067333,Mating Plate,T450D,,,General Accessories
15067335,Mating Plate,T450D,,,General Accessories
15067329,Steel Disc,T450D,,,Brake & Steering Systems
15010426,Friction Disc,"L180F, L150H, L180H, L150G, L150F, L180G, L180F, L150H, L180H, L150G, L150F",,,Brake & Steering Systems
15011845,Brake Disc,"L110G, L120F, L120H, L110H, L110F, L120G, L110G, L120F, L120H, L110H, L110F",,,Brake & Steering Systems
15067336,Mating Plate,T450D,,,General Accessories
15067338,Steel Disc,T450D,,,Brake & Steering Systems
15067332,Mating Plate,T450D,,,General Accessories
15067334,Steel Disc,T450D,,,Brake & Steering Systems
11143365,Stator,,,,General Accessories
11103171,Brake Disc,"L120D, L120F, L120C, L120E, L110F, L120D, L120F, L120C, L120E, L110F",,,Brake & Steering Systems
15096757,Turbocharger,,,,Engine Components
17502612,Turbocharger,L350F,,,Engine Components
11423684,Turbocharger,"T450D, C330C, L180F, D1252V, C330B, C360B, C460B, D1250V, L220F, C360C, T450D, C330C, L180F, D1252V, C330B",,,Engine Components
3838158,Turbocharger,"D940V, D940G, D941V, D942V, D943V, D940V, D940G, D941V, D942V, D943V",,,Engine Components
11410665,Hydraulic Motor,"L220H, L180F, L150H, L180H, L150G, L250G, L220F, L350F, L260H, L150E, L220H, L180F, L150H, L180H, L150G",,,Hydraulic Systems
15045689,Footbrake Valve,L350F,,,Engine Components
17202573,Pressure Sensor,,,,Electrical & Electronics
12724304,Repair Kit,"G730, G780, G780B, G726, G710, G710B, G940, G736, G976, G746B, G730, G780, G780B, G726, G710",,,General Accessories
17254012,Sealing Kit,"L220H, L150H, L180H, L150G, L250G, L220G, L180G, L250H, L220H, L150H, L180H, L150G, L250G",,,Engine Components
11005015,Scraper Ring,"L110G, L120D, L120H, L120F, L120C, L180F, L110H, L180G, L180H, L120E, L110G, L120D, L120H, L120F, L120C",,,Fasteners & Hardware
11005014,Scraper Ring,"L110G, L120D, L120H, L120F, L120C, L120, L110H, L120E, L110F, L110E, L110G, L120D, L120H, L120F, L120C",,,Fasteners & Hardware
968203,O-Ring,"L120D, L120C, L110F, L220F, L220D, L260H, L180E, L180, L150C, L150, L120D, L120C, L110F, L220F, L220D",,,Fasteners & Hardware
11034910,O-Ring,"L220F, L220D, L260H, L180E, L180, L150C, L150, L180C, L180H, L150G, L220F, L220D, L260H, L180E, L180",,,Fasteners & Hardware
926254,O-Ring,"L120D, L120C, L110F, L220F, L220D, L260H, L180E, L180, L150C, L150, L120D, L120C, L110F, L220F, L220D",,,Fasteners & Hardware
11005017,Scraper Ring,"L120D, L120C, L110F, L220F, L220D, L180E, L180, L150C, L150, L180C, L120D, L120C, L110F, L220F, L220D",,,Fasteners & Hardware
11005019,Scraper Ring,"L120D, L120C, L110F, L220F, L220D, L180E, L180, L150C, L150, L180C, L120D, L120C, L110F, L220F, L220D",,,Fasteners & Hardware
960259,O-Ring,"C350E, W160C, C210D, R145D, R145C, C360B, C950E, C300E, W180, C460C, C350E, W160C, C210D, R145D, R145C",,,Fasteners & Hardware
955994,O-Ring,"L120D, L120C, L120, L220D, L180E, L180, L150, L150C, L180C, L120B, L120D, L120C, L120, L220D, L180E",,,Fasteners & Hardware
13976109,O-Ring,"L120D, L120C, G940C, L110F, L220F, L220D, L260H, G946C, L180E, L180, L120D, L120C, G940C, L110F, L220F",,,Fasteners & Hardware
976970,O-Ring,"L110F, L220F, L260H, L110G, L180H, L150G, L250G, L120F, T450D, L180F, L110F, L220F, L260H, L110G, L180H",,,Fasteners & Hardware
21586290,Unit Injector,"D940V, D941V, D940V, D941V",,,Engine Components
22325866,Unit Injector,"D1140, D1150, D1140, D1150",,,Engine Components
16688256,Evaporator System,"D135B, L110F, L220F, L260H, D115, D135, L110G, L180H, L150G, L250G, D135B, L110F, L220F, L260H, D115",,,General Accessories
70369702,Switch,"L260H, W160C, C210D, R145D, R145C, G976, G940B, C460C, C180C, C120D, L260H, W160C, C210D, R145D, R145C",,,Electrical & Electronics
11428010,Rocker Arm,"W160C, C210D, R145D, R145C, G976, D110B, G940B, C460C, D105, C180C, W160C, C210D, R145D, R145C, G976",,,General Accessories
70377122,Switch,"L110F, L220F, D115, D135, L110G, L180H, L150G, D132H, D140, L250G, L110F, L220F, D115, D135, L110G",,,Electrical & Electronics
21866297,Switch,"L110F, L220F, L260H, L110G, L180H, L150G, L250G, L120F, L180F, L150H, L110F, L220F, L260H, L110G, L180H",,,Electrical & Electronics
17442954,Air Cushion Kit,,,,General Accessories
14562193,Switch,"C340D, W145B, C180B, C240, W170, C210D, C150, C170D, C200B, C290C, C340D, W145B, C180B, C240, W170",,,Electrical & Electronics
17204355,Alternator,"C350E, L260H, W160C, C210D, R145C, W140B, W180B, C360B, G976, G746B, C350E, L260H, W160C, C210D, R145C",,,Electrical & Electronics
23261936,Starter Motor,,,,Electrical & Electronics
914470,Retaining Ring,"C250E, C340D, R145E, W145B, C300D, C180E, C180B, C120D, L220F, L220D, C250E, C340D, R145E, W145B, C300D",,,Fasteners & Hardware
20929906,Unit Injector,"L350F, C700B, C750D, C700C, L350F, C700B, C750D, C700C",,,Engine Components
15038313,Sensor,"L330E, T450D, L120E, L958L, G710B, L110E, G730B, L150E, G726B, L180E, L330E, T450D, L120E, L958L, G710B",,,Electrical & Electronics
21948268,Thrust Washer Kit,,,,Fasteners & Hardware
270929,Thrust Washer Kit,,,,Fasteners & Hardware
20551483,Sealing Ring,"C350E, C340D, L220F, L260H, C480E, L180E, L180H, L150G, C460B, L250G, C350E, C340D, L220F, L260H, C480E",,,Engine Components
21940615,Sealing Ring,"C350E, C340D, G940C, L220F, L260H, G946C, C480E, L180E, L180H, L150G, C350E, C340D, G940C, L220F, L260H",,,Engine Components
20784537,Gasket,"L220D, L350H, L260H, C450, L180E, L4608, L330D, L180C, L330E, C620, L220D, L350H, L260H, C450, L180E",,,Engine Components
11102411,Bearing Adjuster,"L220H, L180F, L150H, L180H, L150G, L250G, L220F, L220D, L260H, L150E, L220H, L180F, L150H, L180H, L150G",,,Drivetrain
11418288,Needle Bearing,T450D,,,Drivetrain
181282,Needle Roller Bushing,T450D,,,General Accessories
11144144,Bearing Washer,,,,Drivetrain
11144145,Needle Bearing,,,,Drivetrain
21881236,Rocker Arm,"C350E, C340D, L260H, C480E, L180E, L180H, L150G, C460B, L250G, C380D, C350E, C340D, L260H, C480E, L180E",,,General Accessories
20844430,Lock Brace,"C350E, C340D, L260H, C480E, L180E, L330E, L180H, L150G, C460B, L250G, C350E, C340D, L260H, C480E, L180E",,,General Accessories
20775471,Spacer Sleeve,"C950E, C750D, L350F, C750E, C700B, C700C, C950E, C750D, L350F, C750E, C700B",,,General Accessories
22879257,Camshaft Bearing Kit,"C350E, C340D, L260H, C480E, L180H, L150G, L250G, C380D, C700C, C950E, C350E, C340D, L260H, C480E, L180H",,,Drivetrain
20578853,Main Bearing Kit,,,,Drivetrain
11419486,Temperature Sensor,"C350E, L260H, W160C, C210D, R145D, D140B, R145C, W140B, G976, C950E, C350E, L260H, W160C, C210D, R145D",,,Electrical & Electronics
11143283,Planet Gear,,,,Drivetrain
11143329,Bearing,,,,Drivetrain
20817742,Sealing Strip,"C340D, L150G, C480D, G970, L250G, C380D, G940, L150E, G946, L220G, C340D, L150G, C480D, G970, L250G",,,Engine Components
22081685,Idler Gear,"C950E, C750D, L350F, C750E, C700B, C700C, C950E, C750D, L350F, C750E, C700B",,,Drivetrain
21016539,Exhaust Valve,"L220H, C340D, L150H, L180H, L150G, C480D, L250G, C380D, L260H, L220G, L220H, C340D, L150H, L180H, L150G",,,Engine Components
20459857,Valve Cotter,"C350E, L402C, L260H, W160C, L502C, R145D, D140B, R145C, W180B, G976, C350E, L402C, L260H, W160C, L502C",,,Engine Components
20740798,Inlet Valve,"L220H, C340D, L150H, L180H, L150G, C480D, L250G, C380D, L260H, L220G, L220H, C340D, L150H, L180H, L150G",,,Engine Components
24070789,Pump Unit,"D1650G, D1662V, D1652G, D1640G, D1641V, D1642G, D1653G, D1641G, D1663G, D1643V, D1650G, D1662V, D1652G, D1640G, D1641V",,,Engine Components
21347087,Crankshaft Seal,"C350E, C340D, C480E, L180H, L150G, C460B, L250G, C380D, G940, G976, C350E, C340D, C480E, L180H, L150G",,,Drivetrain
20513285,Exhaust Valve,"C950E, C750D, L350F, C700B, C700C, C950E, C750D, L350F, C700B, C700C",,,Engine Components
21695313,Electronic Unit,"L220F, L180E, C460B, G940, G976, C360B, C700C, G990, T450D, C330C, L220F, L180E, C460B, G940, G976",,,General Accessories
20555696,Sealing Ring,"C350E, L260H, D1640, C280, D730V, D940G, D1240V, D1653G, G976, C360B, C350E, L260H, D1640, C280, D730V",,,Engine Components
3979639,Gasket,"C350E, C340D, L220F, L260H, C480E, L180E, G780B, L330E, L180H, L150G, C350E, C340D, L220F, L260H, C480E",,,Engine Components
1650249,Cylinder,T450D,,,Hydraulic Systems
1656460,Piston,T450D,,,Engine Components
21261987,Washer,"L260H, L180H, L150G, L250G, C380D, G940, G976, C700C, G990, C950E, L260H, L180H, L150G, L250G, C380D",,,Fasteners & Hardware
20585893,Vibration Damper,"C950E, C750D, L350F, C750E, C700B, C700C, C950E, C750D, L350F, C750E, C700B",,,General Accessories
1650353,Snap Ring,T450D,,,Fasteners & Hardware
20526428,Sealing Ring,"C350E, C340D, L220F, L260H, C480E, L180E, L180H, L150G, C460B, L250G, C350E, C340D, L220F, L260H, C480E",,,Engine Components
975664,O-Ring,"C350E, C340D, L220F, L260H, C480E, L180E, L180H, L150G, C460B, L250G, C350E, C340D, L220F, L260H, C480E",,,Fasteners & Hardware
12738503,Valve,"G940C, G946C, G780B, G710B, G940, G976, G746B, G960B, G720B, G740B, G940C, G946C, G780B, G710B, G940",,,Engine Components
21006103,Camshaft Bearing Kit,"C950E, L350F, C750E, C700B, C700C, C950E, L350F, C750E, C700B, C700C",,,Drivetrain
21881210,Rocker Arm,"D1346G, D1380, D1341, D1371, D1344, D1351, D1381, D1346G, D1380, D1341, D1371, D1344",,,General Accessories
24426721,Expansion Plug,"C350E, C340D, L260H, C480E, L180H, L150G, L250G, C380D, G940, G976, C350E, C340D, L260H, C480E, L180H",,,General Accessories
8131393,Cage,"C340D, C750D, L150G, C480D, L250G, L350F, C750E, C380D, L150E, L220G, C340D, C750D, L150G, C480D, L250G",,,General Accessories
4770431,Gear,T450D,,,Drivetrain
11143271,Sealing Ring,,,,Engine Components
20787167,Gasket,"L220H, C350E, C340D, L150H, L180H, L150G, C480D, L250G, C380D, L260H, L220H, C350E, C340D, L150H, L180H",,,Engine Components
20553751,Suction Pipe,"C950E, C750D, L350F, C750E, C700B, C700C, C950E, C750D, L350F, C750E, C700B",,,General Accessories
20547257,Oil Strainer,"D1683V, D1640, D1683G, D1660, D1640V, D1672, D1653G, D1663G, D1643V, C700C, D1683V, D1640, D1683G, D1660, D1640V",,,Filtration & Maintenance
20538793,Sealing Strip,"L220H, C350E, C340D, L150H, L180H, L150G, C480D, L250G, C380D, L260H, L220H, C350E, C340D, L150H, L180H",,,Engine Components
21515329,Injector Sleeve,,,,Engine Components
20781146,Gasket,"C350E, C340D, L220F, L260H, C480E, L180E, G780B, L150, L150C, L180H, C350E, C340D, L220F, L260H, C480E",,,Engine Components
20852764,Sealing Ring,"C350E, C340D, L220F, L260H, C480E, L180E, L180H, L150G, C460B, L250G, C350E, C340D, L220F, L260H, C480E",,,Engine Components
21054149,Ball Socket,"C350E, C340D, L220F, L260H, C480E, L180E, L180H, L150G, C460B, L250G, C350E, C340D, L220F, L260H, C480E",,,General Accessories
1546775,Ball Stud,"C340D, L220F, L260H, L180E, L180H, L150G, C460B, L250G, C380D, G940, C340D, L220F, L260H, L180E, L180H",,,General Accessories
20700882,Main Bearing Kit,"C950E, C750D, L350F, C750E, C700B, C700C, C950E, C750D, L350F, C750E, C700B",,,Drivetrain
20857578,Valve Yoke,"C950E, C750D, L350F, C750E, C700B, C700C, C950E, C750D, L350F, C750E, C700B",,,Engine Components
20709580,Valve Cover,"C950E, C750D, L350F, C750E, C700B, C700C, C950E, C750D, L350F, C750E, C700B",,,Engine Components
11419510,Nut,,,,Fasteners & Hardware
14506922,Ring,"L220H, T450D, L250G, L220F, L260H, L220G, L250H, L220H, T450D, L250G, L220F, L260H",,,Fasteners & Hardware
21610676,Big-End Bearing Kit,"D1344G, D1354G, D1351G, D1345G, D1341G, D1342G, D1352G, D1360, D1350G, D1344V, D1344G, D1354G, D1351G, D1345G, D1341G",,,Drivetrain
21900860,Fuel Filter Housing,"D940V, D940G, D950V, D941V, D951V, D941G, D942V, D943V, D952V, D940V, D940G, D950V, D941V, D951V",,,Filtration & Maintenance
997790,O-Ring,"C350E, C340D, L260H, C480E, C280, L180H, L150G, L250G, C380D, C700C, C350E, C340D, L260H, C480E, C280",,,Fasteners & Hardware
11418078,Ring Gear,T450D,,,Drivetrain
3964817,Jet,"C350E, C340D, L220F, L260H, C480E, L180E, L180H, L150G, C460B, L250G, C350E, C340D, L220F, L260H, C480E",,,General Accessories
11418133,Clutch Hub,T450D,,,Drivetrain
21948261,Thrust Washer Kit,"D120, D950, D120, D950",,,Fasteners & Hardware
21340612,Unit Injector,"C380D, C480D, C380D, C480D",,,Engine Components
975697,O-Ring,"L220H, C350E, C340D, L150H, L180H, L150G, C480D, L250G, C380D, L260H, L220H, C350E, C340D, L150H, L180H",,,Fasteners & Hardware
977935,Gasket,"C350E, C340D, L220F, L260H, C480E, L180H, L150G, L250G, C380D, L180F, C350E, C340D, L220F, L260H, C480E",,,Engine Components
17528428,Wiring Harness,,,,Fasteners & Hardware
11145977,Ring Gear,,,,Drivetrain
11418038,Ring Gear,T450D,,,Drivetrain
11036688,Lock Ring,T450D,,,Fasteners & Hardware
17510879,Lock Ring,T450D,,,Fasteners & Hardware
1677319,O-Ring,,,,Fasteners & Hardware
15174562,Transmission Housing,,,,Drivetrain
3831236,Oil Filter,"L260H, W160C, C210D, R145D, D140B, R145C, W140B, W180B, G976, G746B, L260H, W160C, C210D, R145D, D140B",,,Filtration & Maintenance
11418242,Piston,T450D,,,Engine Components
16232085,Condenser,,,,General Accessories
11158249,Gear,,,,Drivetrain
1677318,O-Ring,,,,Fasteners & Hardware
17241744,Fork,,,,General Accessories
12730443,Pedal Pad,"G730, G940C, G780, G946C, G780B, G726, G710, G710B, G940, G736, G730, G940C, G780, G946C, G780B",,,General Accessories
17269323,Stator Shaft,T450D,,,Drivetrain
22235061,Cylinder Liner Kit,"D1141V, D1142V, D1140V, D1170, D1140, D1172V, D1171V, D1170V, D1141V, D1142V, D1140V, D1170, D1140",,,Hydraulic Systems
20708889,Pressure Pipe,"C950E, C750D, L350F, C750E, C700B, C700C, C950E, C750D, L350F, C750E, C700B",,,General Accessories
17436748,Piston,,,,Engine Components
22577447,Piston Cooling Jet,"D940V, D1141V, D1150V, D1152V, D941V, D1142V, D1140V, D1151V, D942V, D1172V, D940V, D1141V, D1150V, D1152V, D941V",,,Engine Components
21456239,Gear,,,,Drivetrain
20427939,Shim,,,,General Accessories
23898747,Main Bearing Kit,"D1344, D1341, D1344, D1341",,,Drivetrain
24247101,Main Bearing Kit,"D1344, D1341, D1344, D1341",,,Drivetrain
21746213,Thermostat,"D880, D550, D851, D570, D580, D840, D540, D870, D552V, D850, D880, D550, D851, D570, D580",,,General Accessories
20981856,Sleeve,"L260H, L180H, L150G, L250G, C380D, G940, G976, C700C, G990, C950E, L260H, L180H, L150G, L250G, C380D",,,General Accessories
24068829,Wiring Harness,"D1141V, D1150V, D1152V, D1142V, D1150, D1140V, D1170, D1140, D1151V, D1172V, D1141V, D1150V, D1152V, D1142V, D1150",,,Fasteners & Hardware
21092243,Sealing Ring,"C350E, C340D, C480E, B2800C, C460B, L250G, C380D, C360B, C330C, C330B, C350E, C340D, C480E, B2800C, C460B",,,Engine Components
20711957,Gear Ring,"C350E, C340D, L220F, L260H, C480E, L180E, L330D, L330E, L180H, L150G, C350E, C340D, L220F, L260H, C480E",,,Drivetrain
8230-36940,Switch,"C340D, W145B, C300D, C180B, C240, R235D, W170, C235D, L4608, C150, C340D, W145B, C300D, C180B, C240",,,Electrical & Electronics
15004855,Oil Deflector Ring,"C340D, L180F, C480D, L150G, L250G, L220F, C380D, L150F, L220G, L180G, C340D, L180F, C480D, L150G, L250G",,,Filtration & Maintenance
11035554,Washer,"L120D, L120C, L110F, L220F, L220D, L260H, L180E, L180, L150C, L150, L120D, L120C, L110F, L220F, L220D",,,Fasteners & Hardware
11103402,Compression Spring,"L120D, L120C, L110F, L220F, L220D, L180E, L180, L150, L150C, L180C, L120D, L120C, L110F, L220F, L220D",,,Fasteners & Hardware
950629,Pin,"L110G, L120D, L120H, L120F, L120C, L110H, L120E, L110F, L110E, L120G, L110G, L120D, L120H, L120F, L120C",,,General Accessories
1523278,Shift Rail,"L220F, L220D, L260H, L180E, L180, L150C, L150, L180C, L180H, L150G, L220F, L220D, L260H, L180E, L180",,,General Accessories
11035960,Lock Washer,"L220F, L220D, L260H, L180E, L180, L150C, L150, L180C, L180H, L150G, L220F, L220D, L260H, L180E, L180",,,Fasteners & Hardware
976936,Retaining Ring,"L120D, L110G, L120H, L120F, L120C, L110H, L150H, L150G, L110F, L120E, L120D, L110G, L120H, L120F, L120C",,,Fasteners & Hardware
21344787,Flange Screw,"C350E, C340D, L260H, C480E, L180H, L150G, L250G, C380D, C700C, C950E, C350E, C340D, L260H, C480E, L180H",,,Fasteners & Hardware
1656880,Flexplate,T450D,,,General Accessories
11144232,Shim,,,,General Accessories
11034507,Washer,"L180C, L110G, L120D, L120H, L120C, L120F, L110H, L150H, L150G, L110F, L180C, L110G, L120D, L120H, L120C",,,Fasteners & Hardware
11144130,Spider,,,,General Accessories
14883780,Hose Clamp,"C250E, C350E, C340D, C300D, C480E, R305C, C290C, C2924C, C460B, C380D, C250E, C350E, C340D, C300D, C480E",,,Hydraulic Systems
11144233,Shim,,,,General Accessories
11144235,Shim,,,,General Accessories
11035779,Nut,"L220F, L220D, L260H, L180E, L180, L150C, L150, L180C, L180H, L150G, L220F, L220D, L260H, L180E, L180",,,Fasteners & Hardware
11035778,Nut,"L220F, L220D, L260H, L180E, L180, L150C, L150, L180C, L180H, L150G, L220F, L220D, L260H, L180E, L180",,,Fasteners & Hardware
975121,Flange Screw,"C350E, C340D, L220F, L220D, L260H, C480E, L180E, L180H, L150G, L250G, C350E, C340D, L220F, L220D, L260H",,,Fasteners & Hardware
8131145,Guide Sleeve,"C950E, C750D, G970, L350F, C750E, G940, L150E, G946, G930, G960, C950E, C750D, G970, L350F, C750E",,,General Accessories
11144236,Shim,,,,General Accessories
11144239,Shim,,,,General Accessories
11030296,Pressure Plate,T450D,,,General Accessories
78686,Clamping Plate,"G730, G780, G780B, G726, G710, G710B, G940, G736, G976, G746B, G730, G780, G780B, G726, G710",,,General Accessories
1656393,Magnet,T450D,,,General Accessories
1650334,Lock Ring,T450D,,,Fasteners & Hardware
11144237,Shim,,,,General Accessories
11716738,Shim,,,,General Accessories
11144238,Shim,,,,General Accessories
11170232,Switch,"L110F, L220F, L260H, L110G, L180H, L150G, L250G, L120F, L180F, L150H, L110F, L220F, L260H, L110G, L180H",,,Electrical & Electronics
11418577,Spacer,,,,General Accessories
11714734,Jam Nut,"L120F, L120H, L110H, L150H, L180H, L110F, L105, L120G, L120F, L120H, L110H, L150H, L180H",,,Fasteners & Hardware
17438016,Thrust Washer,,,,Fasteners & Hardware
15124551,Oil Dipstick,,,,Filtration & Maintenance
17246956,Gear Ring,"L220F, L220D, L260H, L180E, L180, L150C, L150, L180C, L180H, L150G, L220F, L220D, L260H, L180E, L180",,,Drivetrain
11168079,Sun Gear,"L120D, L110G, L120H, L120F, L120C, L110H, L120E, L110F, L110E, L120G, L120D, L110G, L120H, L120F, L120C",,,Drivetrain
11102840,Sun Gear,"L180F, L150H, L180H, L150G, L150E, L180E, L150F, L180G, L180F, L150H, L180H, L150G, L150E",,,Drivetrain
11035819,Planet Gear,"L110G, L120D, L120H, L120F, L120C, L110H, L150H, L150G, L110F, L120E, L110G, L120D, L120H, L120F, L120C",,,Drivetrain
11103177,Sun Gear,"L150G, L150E, L150F, L150H, L150G, L150E, L150F, L150H",,,Drivetrain
11035832,Drive Gear Set,"L110G, L120D, L120F, L120H, L120C, L110H, L120E, L110F, L110E, L120G, L110G, L120D, L120F, L120H, L120C",,,Drivetrain
11102827,Drive Shaft,"L180F, L150H, L180H, L150G, L150E, L180E, L150F, L180G, L180F, L150H, L180H, L150G, L150E",,,Drivetrain
11102828,Drive Shaft,"L180F, L150H, L180H, L150G, L150E, L180E, L150F, L180G, L180F, L150H, L180H, L150G, L150E",,,Drivetrain
11037644,Thrust Plate,"G946B, G940C, G970, L220D, G960C, G960, G946, G940, G930, G946C, G946B, G940C, G970, L220D, G960C",,,General Accessories
11037645,Thrust Plate,"G946B, G970, L220D, G960, G946, G940, G930, G940B, L220E, G976, G946B, G970, L220D, G960, G946",,,General Accessories
11102829,Drive Shaft,"L180F, L150H, L180H, L150G, L150E, L180E, L150F, L180G, L180F, L150H, L180H, L150G, L150E",,,Drivetrain
15003253,Planet Gear,"L220H, L180F, L150H, L180H, L150G, L250G, L220F, L260H, L150E, L180E, L220H, L180F, L150H, L180H, L150G",,,Drivetrain
11103274,Axle Shaft,,,,Drivetrain
11145310,Differential Housing,,,,General Accessories
15114015,Axle Shaft,,,,Drivetrain
15114019,Axle Shaft,,,,Drivetrain
11103069,Dog Clutch,,,,Drivetrain
17240332,Differential Side Gear,,,,Drivetrain
17240333,Differential Pinion,,,,General Accessories
17528247,Transmission Housing,,,,Drivetrain
11102861,Sealing Ring,"L110G, L120F, L120H, L110H, L120E, L110F, L110E, L120G, L110G, L120F, L120H, L110H, L120E",,,Engine Components
11103303,O-Ring,"L110G, L120D, L120H, L120F, L120C, T450D, L110H, L120E, L110F, L110E, L110G, L120D, L120H, L120F, L120C",,,Fasteners & Hardware
11005099,Scraper Ring,"L120D, L120C, L110F, L220F, L220D, L180E, L180, L150C, L150, L180C, L120D, L120C, L110F, L220F, L220D",,,Fasteners & Hardware
11048081,Sealing Ring,"L120D, L120C, L110F, L220F, L220D, L260H, L180E, L180, L150C, L150, L120D, L120C, L110F, L220F, L220D",,,Engine Components
11168122,Sealing Ring,"L110G, L120D, L120H, L120F, L110H, L120E, L110F, L110E, L120G, L110G, L120D, L120H, L120F, L110H",,,Engine Components
11048019,Sealing Ring,"L110G, L120D, L120H, L120F, L120C, L120, L110H, L120E, L110F, L110E, L110G, L120D, L120H, L120F, L120C",,,Engine Components
13946442,O-Ring,"L180C, L120D, L120H, L120F, L120C, L110H, L120E, L110F, L150, L110E, L180C, L120D, L120H, L120F, L120C",,,Fasteners & Hardware
21486084,Lip Seal,"C250E, C300D, T220, G940C, D110, L110F, G946C, C210D, G780B, R305C, C250E, C300D, T220, G940C, D110",,,Engine Components
20405652,O-Ring,"W160C, R145D, D140B, R145C, W140B, W180B, G976, G746B, G740B, D110B, W160C, R145D, D140B, R145C, W140B",,,Fasteners & Hardware
17264219,Sealing Ring,"L180F, L150H, L180H, L150G, L150E, L105, L180E, L150F, L180G, L180F, L150H, L180H, L150G, L150E",,,Engine Components
20405825,Gasket,"C300D, G940C, L110F, R235D, G946C, D115, C235D, C210D, G780B, W160D, C300D, G940C, L110F, R235D, G946C",,,Engine Components
20459192,Gasket,"W145B, C180B, W180C, R235D, D115, W160C, C235D, W160D, W180E, C235C, W145B, C180B, W180C, R235D, D115",,,Engine Components
20405888,Gasket,"W160C, C210D, R145D, D140B, R145C, W140B, W180B, G976, G746B, G740B, W160C, C210D, R145D, D140B, R145C",,,Engine Components
11989795,Sealing Ring,"G946B, G970, G960, G946, G940, G930, G940B, G976, G960B, G930B, G946B, G970, G960, G946, G940",,,Engine Components
11989796,Sealing Ring,"G946B, G970, G960, G946, G940, G930, G940B, G976, G960B, G930B, G946B, G970, G960, G946, G940",,,Engine Components
11989804,Sealing Ring,"G946B, G970, G960, G946, G940, G930, G940B, G976, G960B, G930B, G946B, G970, G960, G946, G940",,,Engine Components
11145531,Sealing Ring,"G946B, G970, G960, G946, G940, G930, G940B, G976, G960B, G930B, G946B, G970, G960, G946, G940",,,Engine Components
21486081,Lip Seal,"C250E, C300D, T220, G940C, D110, L110F, G946C, C210D, G780B, R305C, C250E, C300D, T220, G940C, D110",,,Engine Components
20841816,Gasket,"L220H, C350E, C340D, L150H, L180H, L150G, C480D, L250G, C750E, L260H, L220H, C350E, C340D, L150H, L180H",,,Engine Components
6212282,Sealing Ring,"C250E, L120C, L120, C300D, C290C, C240B, C250D, L150, C300E, L160, C250E, L120C, L120, C300D, C290C",,,Engine Components
20459226,Gasket,"W145B, C180B, W200B, W180C, W160C, C235C, W230C, C200B, W160B, C2421C, W145B, C180B, W200B, W180C, W160C",,,Engine Components
11127393,Gasket,"L220F, L260H, L180E, G780B, L180H, L150G, C460B, G710B, L250G, G940, L220F, L260H, L180E, G780B, L180H",,,Engine Components
11103242,Sealing Ring,"L110G, L120F, L120H, L180F, L110H, L150H, L180H, L150G, L110F, L150F, L110G, L120F, L120H, L180F, L110H",,,Engine Components
20412343,Sealing Ring,"L110F, G780B, W160B, G710B, G940, W140B, W180B, G976, G746B, G720B, L110F, G780B, W160B, G710B, G940",,,Engine Components
12736497,Sealing Ring,"G946B, G940C, G970, G960C, G960, G946, G940, G930, G946C, G940B, G946B, G940C, G970, G960C, G960",,,Engine Components
20565204,Gasket,"W160B, W145B, C180B, R235D, D115, C160B, C235D, W180B, C220D, W200B, W160B, W145B, C180B, R235D, D115",,,Engine Components
13964110,Gasket,"L110F, L220F, L220D, L180E, L330D, L110G, L330E, W160B, L180H, L150G, L110F, L220F, L220D, L180E, L330D",,,Engine Components
21298915,Sealing Strip,"L220H, C350E, C340D, L150H, L180H, L150G, C480D, L250G, C380D, L260H, L220H, C350E, C340D, L150H, L180H",,,Engine Components
17458353,Piston Seal,"L120D, L120C, L110F, L220F, L220D, L180E, L180, L150, L150C, L180C, L120D, L120C, L110F, L220F, L220D",,,Engine Components
17200052,Sealing Ring,,,,Engine Components
20405790,Plane Gasket,"C250E, W145B, C300D, C180B, G940C, L110F, W180C, R235D, G946C, D115, C250E, W145B, C300D, C180B, G940C",,,Engine Components
17458350,Piston Seal,"L120D, L120C, L110F, L220F, L220D, L180E, L180, L150, L150C, L180C, L120D, L120C, L110F, L220F, L220D",,,Engine Components
6212283,Sealing Ring,"C250E, L120C, L120, C300D, C290C, C240B, C250D, L150, C300E, L160, C250E, L120C, L120, C300D, C290C",,,Engine Components
983499,O-Ring,,,,Fasteners & Hardware
17487381,O-Ring,,,,Fasteners & Hardware
11108568,Bushing,"L220H, L220F, L220D, L220G, L220E, L220H, L220F, L220D, L220G, L220E",,,General Accessories
11094344,Bushing,"L220H, L220F, L220D, L220G, L220E, L220H, L220F, L220D, L220G, L220E",,,General Accessories
11108567,Bushing,"L220H, L220F, L220D, L220G, L220E, L220H, L220F, L220D, L220G, L220E",,,General Accessories
11108569,Bushing,"L220H, L220F, L220D, L220G, L220E, L220H, L220F, L220D, L220G, L220E",,,General Accessories
11093773,Bushing,"L220F, L220D, L180E, L180, L150, L150C, L180C, L180H, L150G, L180F, L220F, L220D, L180E, L180, L150",,,General Accessories
11108496,Bushing,"L220H, L220F, L220D, L220G, L220E, L220H, L220F, L220D, L220G, L220E",,,General Accessories
11093771,Bushing,"L180C, L180F, L150H, L180G, L180H, L150G, L150D, L150, L180D, L150E, L180C, L180F, L150H, L180G, L180H",,,General Accessories
11020803,Bushing,"L120D, L120C, L110F, L180E, L180, L150C, L150, L180C, L110G, L180H, L120D, L120C, L110F, L180E, L180",,,General Accessories
11020802,Bushing,"L110G, L120D, L120H, L120F, L120C, L110H, L120E, L110F, L110E, L120G, L110G, L120D, L120H, L120F, L120C",,,General Accessories
11015610,Bushing,"L120D, L110G, L120H, L120F, L120C, L110H, L120E, L110F, L110E, L120G, L120D, L110G, L120H, L120F, L120C",,,General Accessories
11093775,Bushing,"L220F, L220D, L180E, L180, L150, L150C, L180C, L180H, L150G, L180F, L220F, L220D, L180E, L180, L150",,,General Accessories
11093776,Bushing,"L180C, L180F, L150H, L180G, L180H, L150G, L150D, L150, L180D, L150E, L180C, L180F, L150H, L180G, L180H",,,General Accessories
11177045,Bushing,"L110G, L120F, L120H, L110H, L110F, L110E, L120G, L110G, L120F, L120H, L110H, L110F",,,General Accessories
11177990,Pin,"L180F, L150H, L180H, L150G, L150F, L180G, L180F, L150H, L180H, L150G, L150F",,,General Accessories
11177369,Bushing,L350F,,,General Accessories
11195651,Pin,,,,General Accessories
11177372,Bushing,L350F,,,General Accessories
11148006,Bushing,"L220H, L220F, L220D, L220G, L220E, L220H, L220F, L220D, L220G, L220E",,,General Accessories
11177367,Bushing,"L350F, L250H, L260H, L250G, L350F, L250H, L260H, L250G",,,General Accessories
70305823,Rubber Cushion,"L120D, L120C, L120, L110F, L220F, L220D, L180E, C450, L180, L330D, L120D, L120C, L120, L110F, L220F",,,General Accessories
20799064,Sealing Ring,"W145B, C300D, L110F, W180C, W160C, C210D, R305C, C235C, W230C, C200B, W145B, C300D, L110F, W180C, W160C",,,Engine Components
11205297,Side Window,"C250E, C350E, C340D, C180E, C300D, W140D, W180C, C480E, W160C, C235D, C250E, C350E, C340D, C180E, C300D",,,General Accessories
21321094,Windscreen,,,,General Accessories
20768974,Window,,,,General Accessories
84043040,Door Window Pane; Left,,,,General Accessories
15175837,Hydraulic Oil Cooler,"L120D, L120C, L120, L110F, L220F, L180E, L150, L150C, L110G, L120B, L120D, L120C, L120, L110F, L220F",,,Hydraulic Systems
54116585,Alternator,"C350E, L260H, W160C, C210D, R145C, W140B, W180B, C360B, G976, G746B, C350E, L260H, W160C, C210D, R145C",,,Electrical & Electronics
21019175,Relay,"C350E, C340D, L220F, L260H, C480E, L180H, L150G, L250G, C380D, G940, C350E, C340D, L220F, L260H, C480E",,,General Accessories
17233221,Starter Motor,,,,Electrical & Electronics
20900793,Starter,"G940C, L110F, G946C, D115, G780B, L110G, G710B, G940, G976, G746B, G940C, L110F, G946C, D115, G780B",,,Electrical & Electronics
21652997,Alternator,,,,Electrical & Electronics
184637,Roller Bearing,"L220F, L220D, L260H, L180E, L180, L150C, L150, L180C, L180H, L150G, L220F, L220D, L260H, L180E, L180",,,Drivetrain
183688,Roller Bearing,"L220F, L220D, L180E, L180, L150C, L150, L180C, L180H, L150G, L250G, L220F, L220D, L180E, L180, L150C",,,Drivetrain
1523666,Roller Bearing,"L220H, L180F, L150H, L180H, L150G, L250G, L220F, L220D, L260H, L150E, L220H, L180F, L150H, L180H, L150G",,,Drivetrain
11035994,Roller Bearing,"L120D, L120C, L110F, L220F, L220D, L260H, L180E, L110G, L180H, L150G, L120D, L120C, L110F, L220F, L220D",,,Drivetrain
20450750,Ball Bearing,"W160B, W145B, C240B, C140B, C135B, C180B, W140B, C160B, W180B, W200B, W160B, W145B, C240B, C140B, C135B",,,Drivetrain
11144149,Roller Bearing,,,,Drivetrain
19630,Spherical Plain Bearing,"G730, G940C, L110F, L220F, L220D, L260H, G946C, G780, L180E, G730B, G730, G940C, L110F, L220F, L220D",,,Drivetrain
184178,Bearing,T450D,,,Drivetrain
11000274,Roller Bearing,"H2610B, T2610H, T3210H, S1365H, H2610B, T2610H, T3210H, S1365H",,,Drivetrain
19629,Spherical Plain Bearing,"G730, G940C, G780, G946C, G726, G780B, C150, W150C, C130C, G710, G730, G940C, G780, G946C, G726",,,Drivetrain
12743047,Sealing Kit,G930,,,Engine Components
12724306,Repair Kit,"G730, G780, G780B, G726, G710, G710B, G940, G736, G976, G746B, G730, G780, G780B, G726, G710",,,General Accessories
11708881,Spring Kit,"L220H, L120F, L120H, G780B, L110H, L150H, L180H, L110F, G710B, G730B, L220H, L120F, L120H, G780B, L110H",,,Fasteners & Hardware
15032816,Sealing Kit,"G946B, G970, G960, G946, G940, G930, G940B, G976, G960B, G930B, G946B, G970, G960, G946, G940",,,Engine Components
12725151,Repair Kit,"G730, G780, G780B, G726, G710, G710B, G940, G736, G976, G746B, G730, G780, G780B, G726, G710",,,General Accessories
17466489,Overhaul Kit,,,,General Accessories
11144486,Disc Kit,"L110E, L120E, L150E, L180E, L110E, L120E, L150E, L180E",,,Brake & Steering Systems
11037031,Steel Disc,"L120D, L120C, L110F, L220F, L220D, L180E, L180, L150C, L150, L180C, L120D, L120C, L110F, L220F, L220D",,,Brake & Steering Systems
11037030,Friction Disc,"L120D, L120C, L110F, L180E, L180, L150C, L150, L180C, L110G, L180H, L120D, L120C, L110F, L180E, L180",,,Brake & Steering Systems
11144487,Disc Kit,"L110E, L120E, L150E, L180E, L110E, L120E, L150E, L180E",,,Brake & Steering Systems
11144415,Disc Kit,"L110E, L120E, L150E, L180E, L110E, L120E, L150E, L180E",,,Brake & Steering Systems
11037661,Disc Kit,"G946B, G970, L220D, G960, G946, G940, G930, G940B, L220E, G976, G946B, G970, L220D, G960, G946",,,Brake & Steering Systems
11419059,Disc Kit,"G946B, G940C, G970, G960C, G960, G946, G940, G930, G946C, G940B, G946B, G940C, G970, G960C, G960",,,Brake & Steering Systems
11143287,Friction Disc,,,,Brake & Steering Systems
21831660,Turbocharger,"D1141V, D1150V, D1152V, D1142V, D1150, D1140V, D1170, D1140, D1151V, D1172V, D1141V, D1150V, D1152V, D1142V, D1150",,,Engine Components
11103425,Brake Plate,"L110E, L120E, L110F, L120F, L110E, L120E, L110F, L120F",,,Brake & Steering Systems
11103422,Brake Piston,"L110E, L120E, L110F, L120F, L110E, L120E, L110F, L120F",,,Engine Components
22335631,Filler Cap,"L120D, L120C, L120, G940C, L110F, L220F, L220D, G946C, L180E, C450, L120D, L120C, L120, G940C, L110F",,,General Accessories
17203642,Thrust Washer,"L220H, L180F, L150H, L180H, L150G, L250G, L220F, L220D, L260H, L150E, L220H, L180F, L150H, L180H, L150G",,,Fasteners & Hardware
17427021,Planet Carrier,"L180C, L220H, L180F, L150H, L180G, L180H, L150G, L250G, L220F, L220D, L180C, L220H, L180F, L150H, L180G",,,General Accessories
11035763,Planet Carrier,"L180C, L180F, L150H, L180G, L180H, L150G, L150D, L150, L180D, L150E, L180C, L180F, L150H, L180G, L180H",,,General Accessories
11081070,Square Neck Screw,,,,Fasteners & Hardware
17421171,Planet Carrier,"L110G, L120D, L120H, L120F, L120C, L110H, L150H, L150G, L110F, L120E, L110G, L120D, L120H, L120F, L120C",,,General Accessories
12742743,Bearing Block-Midship Sha,"G946B, G940C, G970, G960C, G960, G946, G940, G930, G946C, G940B, G946B, G940C, G970, G960C, G960",,,Drivetrain
11102187,Magnetic Plug,"L120D, L120C, L120, G940C, L110F, L220F, L220D, L260H, G946C, L180E, L120D, L120C, L120, G940C, L110F",,,General Accessories
11054692,Valve,"G940C, L110F, L220F, L220D, L260H, G946C, L180E, C450, L330D, L150C, G940C, L110F, L220F, L220D, L260H",,,Engine Components
16831764,Link,"L180C, L180F, L150H, L180H, L150G, L150D, L150, L150E, L180D, L180E, L180C, L180F, L150H, L180H, L150G",,,General Accessories
16827991,Link,"L180C, L180F, L150H, L180G, L180H, L150D, L150G, L150, L180D, L150E, L180C, L180F, L150H, L180G, L180H",,,General Accessories
15010225,Brake Plate,"L110G, L120F, L120H, L110H, L110F, L120G, L110G, L120F, L120H, L110H, L110F",,,Brake & Steering Systems
15010224,Brake Plate,"L220H, L180F, L150H, L180H, L150G, L250G, L220F, L260H, L150F, L220G, L220H, L180F, L150H, L180H, L150G",,,Brake & Steering Systems
11103471,Brake Piston,"L220H, L180F, L150H, L180H, L150G, L250G, L220F, L260H, L150F, L220G, L220H, L180F, L150H, L180H, L150G",,,Engine Components
11144234,Shim,,,,General Accessories
11035999,Drive Gear Set,"L110G, L120D, L120H, L120F, L120C, L110H, L120E, L110F, L110E, L120G, L110G, L120D, L120H, L120F, L120C",,,Drivetrain
15144849,Retainer,,,,General Accessories
11143293,Shim,,,,General Accessories
11143294,Shim,,,,General Accessories
15156391,Thrust Washer,"L220H, L180F, L150H, L180H, L150G, L250G, L220F, L220D, L260H, L150E, L220H, L180F, L150H, L180H, L150G",,,Fasteners & Hardware
11102409,Companion Flange,"L220H, L250G, L220D, L260H, L220G, L220E, L250H, L220H, L250G, L220D, L260H, L220G",,,General Accessories
21219818,Camshaft,"L220H, C350E, C340D, L150H, L180H, L150G, C480D, L250G, C380D, L260H, L220H, C350E, C340D, L150H, L180H",,,Drivetrain
21012985,Hub,"C950E, C750D, G970, L350F, C750E, G940, L150E, G946, G930, G960, C950E, C750D, G970, L350F, C750E",,,General Accessories
15062030,Washer,,,,Fasteners & Hardware
17437279,Differential Housing,,,,General Accessories
17239952,Spider,,,,General Accessories
15088068,Brake Kit,"L120F, L120H, L110H, L150H, L180H, L110F, L105, L120G, L120F, L120H, L110H, L150H, L180H",,,Brake & Steering Systems
17502366,Actuator,"L220H, L110G, L120H, L110H, L150H, L180H, L150G, L250G, L260H, L220G, L220H, L110G, L120H, L110H, L150H",,,General Accessories
17245228,Thrust Washer,,,,Fasteners & Hardware
17246273,Cover,,,,General Accessories
11411950,Inlet Hose,"L110E, L120E, L110F, L120F, L110E, L120E, L110F, L120F",,,Hydraulic Systems
20829077,Fuel Line,"L120F, L120E, L110F, G970, L110E, G940, G946, G930, G960, G976, L120F, L120E, L110F, G970, L110E",,,General Accessories
20460095,Fuel Pipe,"C140B, C135B, C140B, C135B",,,General Accessories
20797400,Fuel Line,"L120F, L120E, L110F, G970, L110E, G940, G946, G930, G960, G976, L120F, L120E, L110F, G970, L110E",,,General Accessories
15030889,Oil Pipe,,,,Filtration & Maintenance
977902,T-Nipple,T450D,,,General Accessories
15085655,Pipe Set,,,,General Accessories
3988823,Hose Assembly,,,,Hydraulic Systems
17247668,Charge Air Hose,"C350E, C340D, C480D, L350F, C380D, C480E, C380E, C350E, C340D, C480D, L350F, C380D",,,Hydraulic Systems
17252572,Fuel Pipe,,,,General Accessories
11102533,Sealing Ring,"L120D, L180C, L120C, L150H, L150G, L120E, L150, L110E, L150E, L150F, L120D, L180C, L120C, L150H, L150G",,,Engine Components
11102685,Sealing Ring,"L220F, L220D, L260H, L180E, L180, L150C, L150, L180C, L180H, L150G, L220F, L220D, L260H, L180E, L180",,,Engine Components
11704008,O-Ring,"L220F, L220D, L260H, L180E, L180, L150C, L150, L180C, L180H, L150G, L220F, L220D, L260H, L180E, L180",,,Fasteners & Hardware
11704009,O-Ring,"L220F, L260H, L180E, L180, L150C, L150, L180C, L180H, L150G, L250G, L220F, L260H, L180E, L180, L150C",,,Fasteners & Hardware
11704006,O-Ring,"L180C, L120D, L120C, L150H, L150G, L120E, L150, L110E, L150E, L150F, L180C, L120D, L120C, L150H, L150G",,,Fasteners & Hardware
11704007,O-Ring,"L180C, L120D, T450D, L120C, L150H, L150G, L120E, L150, L110E, L150E, L180C, L120D, T450D, L120C, L150H",,,Fasteners & Hardware
16681896,Radiator Grille,,,,General Accessories
21454048,V-Belt,,,,General Accessories
977525,V-Belt,"L120F, L120E, L110F, G970, L110E, G940, G946, G930, G960, G976, L120F, L120E, L110F, G970, L110E",,,General Accessories
17418272,V-Ribbed Belt,"L350F, C950E, L350F, C950E",,,General Accessories
20464710,Belt,L350F,,,General Accessories
22275091,V-Ribbed Belt,"D1343V, D1342V, D1342G, D1344G, D1351G, D1345V, D1343G, D1352G, D1353G, D1341V, D1343V, D1342V, D1342G, D1344G, D1351G",,,General Accessories
17418270,V-Ribbed Belt,"C340D, L150G, C480D, L250G, C380D, L220G, L180G, C340D, L150G, C480D, L250G, C380D",,,General Accessories
20451458,V-Ribbed Belt,"C950E, C750D, W170, C140, C750E, W180, C150, C700B, W130, C700C, C950E, C750D, W170, C140, C750E",,,General Accessories
978710,V-Belt,"R145E, L110F, W180C, W160C, G780B, C235C, R145D, C290C, C2924C, G710B, R145E, L110F, W180C, W160C, G780B",,,General Accessories
20430367,V-Ribbed Belt,,,,General Accessories
3838617,Belt,,,,General Accessories
969474,V-Belt,"C240B, C290B, C240B, C290B",,,General Accessories
20430381,V-Ribbed Belt,,,,General Accessories
17418271,V-Ribbed Belt,"L220H, C350E, L150H, L180H, L260H, C480E, L250H, C380E, L220H, C350E, L150H, L180H, L260H",,,General Accessories
977220,V-Belt,"C240B, L120E, L110E, C290B, C240B, L120E, L110E, C290B",,,General Accessories
20484545,Belt,,,,General Accessories
11103239,Pivot Pin,"L110G, L120F, L120H, L180F, L110H, L150H, L180H, L150G, L110F, L150F, L110G, L120F, L120H, L180F, L110H",,,General Accessories
21492771,Fuel Filter,"L120D, L120C, L120, L220D, C450, L180, C230B, L330D, L150, L150C, L120D, L120C, L120, L220D, C450",,,Filtration & Maintenance
11110175,Filter,"D135B, W180C, D120C, D115, W160C, C235D, C210D, C230B, W160D, W180E, D135B, W180C, D120C, D115, W160C",,,Filtration & Maintenance
11707077,Filter Insert,"L120D, L110F, L220F, L180E, L110G, L330E, L180H, L150G, L250G, L120F, L120D, L110F, L220F, L180E, L110G",,,Filtration & Maintenance
11110737,Bowl,"C350E, L260H, W160C, C210D, R145D, D140, D140B, R145C, G976, C360B, C350E, L260H, W160C, C210D, R145D",,,General Accessories
3838852,Fuel Filter Insert,"L110F, L220F, L260H, L180H, L150G, L250G, G940, G976, G990, L120F, L110F, L220F, L260H, L180H, L150G",,,Filtration & Maintenance
15193224,Filter Kit,,,,Filtration & Maintenance
15052786,Primary Filter,"C350E, L260H, W160C, C210D, R145D, R145C, C950E, D110B, L150D, C300E, C350E, L260H, W160C, C210D, R145D",,,Filtration & Maintenance
17535679,Oil Filter,"L260H, W160C, C210D, R145D, D140B, R145C, W140B, W180B, G976, G746B, L260H, W160C, C210D, R145D, D140B",,,Filtration & Maintenance
17233199,Hose,"L220H, C350E, C340D, C950E, L150H, C750D, L180H, L150G, C480D, L250G, L220H, C350E, C340D, C950E, L150H",,,Hydraulic Systems
15185107,Charge Air Hose,,,,Hydraulic Systems
20459997,"Engine Shirt2012, L90E",T2012,,,Engine Components
85103699,Sealing Kit,"D941V, D951V, D1150, D943V, D940V, D940G, D1140, G940, D1180, G976, D941V, D951V, D1150, D943V, D940V",,,Engine Components
11039553,Tail Light,"L120D, D135B, G940C, L110F, L220F, L220D, L402C, L260H, G946C, L180E, L120D, D135B, G940C, L110F, L220F",,,General Accessories
11164457,Receiver Dryer,"L120D, D135B, L110F, L220F, L220D, L260H, D115, L180E, L330D, D135, L120D, D135B, L110F, L220F, L220D",,,General Accessories
11110705,Radiator,"L120F, C290C, C240B, L120E, L110F, C2924C, C3329C, L110E, C240C, L120G, L120F, C290C, C240B, L120E, L110F",,,General Accessories
11110049,Oil Cooler,"L110G, L180C, L120H, L120F, L110H, L150D, L110F, L120E, L220D, L110E, L110G, L180C, L120H, L120F, L110H",,,Filtration & Maintenance
16235278,Condenser,"L220H, L110G, L120H, L120F, L110H, L150H, L180H, L150G, L110F, L250G, L220H, L110G, L120H, L120F, L110H",,,General Accessories
22174113,Condenser,,,,General Accessories
11435548,Gas Spring,"L110E, L120E, L110F, L120F, L110E, L120E, L110F, L120F",,,Fasteners & Hardware
12730392,Gas Spring,"G730, G780, G780B, G726, G710, G710B, G940, G736, G976, G746B, G730, G780, G780B, G726, G710",,,Fasteners & Hardware
17202021,Level Sensor,"L110F, L220F, L260H, L110G, L180H, L150G, L250G, L120F, L180F, L150H, L110F, L220F, L260H, L110G, L180H",,,Electrical & Electronics
15153124,Temperature Sensor,"L110F, L220F, L260H, L110G, L180H, L150G, L250G, L120F, L180F, L150H, L110F, L220F, L260H, L110G, L180H",,,Electrical & Electronics
11423761,Oil Level Sensor,"C350E, C340D, L220F, L260H, C480E, L180H, L150G, C460B, L250G, C380D, C350E, C340D, L220F, L260H, C480E",,,Electrical & Electronics
15090264,Speed Sensor,"G940C, G946C, L180H, L150G, L250G, G940, G976, G960B, G930B, G990, G940C, G946C, L180H, L150G, L250G",,,Electrical & Electronics
20424052,Pressure Sensor,,,,Electrical & Electronics
17510496,Propeller Shaft,,,,Drivetrain
12739540,Driveshaft,"G970, G710B, G730B, G946, G940, G726B, G930, G960, G976, G780B, G970, G710B, G730B, G946, G940",,,Drivetrain
9313-10625,Hose Clamp,"C350E, C340D, C480E, C350D, C290C, C460B, C380D, C360B, C700C, C330C, C350E, C340D, C480E, C350D, C290C",,,Hydraulic Systems
15190412,Wiper Motor,"D135B, L110F, L220F, L260H, D115, D135, L110G, L180H, L150G, L250G, D135B, L110F, L220F, L260H, D115",,,General Accessories
11170170,Wiper Arm,"D135B, L110F, L220F, D115, D135, L110G, L180H, L150G, L250G, L120F, D135B, L110F, L220F, D115, D135",,,General Accessories
11205856,Wiper Blade,"C250E, C350E, C340D, R145E, C300D, C180E, W140D, W180C, C480E, W160C, C250E, C350E, C340D, R145E, C300D",,,General Accessories
16284724,Wiper Blade,"W145B, D135B, C180B, L110F, L220F, D115, D135, C200B, L110G, W160B, W145B, D135B, C180B, L110F, L220F",,,General Accessories
16284725,Arm,,,,General Accessories
11193183,Fan,T450D,,,General Accessories
20450736,Thermostat,"W145B, C300D, C180B, L110F, W180C, W160C, C210D, G780B, R305C, C170D, W145B, C300D, C180B, L110F, W180C",,,General Accessories
17336824,Tank,"C350E, C340D, L260H, C480E, L180H, C460B, C380D, G940, G976, C360B, C350E, C340D, L260H, C480E, L180H",,,General Accessories
14504652,Fan,"C240B, C290B, C240B, C290B",,,General Accessories
20909227,Belt Tensioner,"R145E, C180E, W145B, C300D, D135B, T220, C180B, D110, W140D, W180C, R145E, C180E, W145B, C300D, D135B",,,General Accessories
21225479,Valve,,,,Engine Components
11039220,Starter Switch,"L120D, L120C, L120, L220D, L180E, L180, G780B, L330D, L150, L150C, L120D, L120C, L120, L220D, L180E",,,Electrical & Electronics
17416725,Switch Kit,"L110F, L220F, L260H, L110G, L180H, L150G, L250G, L120F, L180F, L150H, L110F, L220F, L260H, L110G, L180H",,,Electrical & Electronics
914474,Ring_Retainer,"L120D, W145B, L120C, L110F, W170, L180, L150, L150C, L180C, L110G, L120D, W145B, L120C, L110F, W170",,,Fasteners & Hardware
914478,Retaining Ring,"L220F, L220D, W170, L260H, L180E, C450, L180, W230, W150C, L150C, L220F, L220D, W170, L260H, L180E",,,Fasteners & Hardware
914484,Retaining Ring,"L120D, L120C, L110F, L220F, L220D, L260H, L180E, L180, C150, L150C, L120D, L120C, L110F, L220F, L220D",,,Fasteners & Hardware
69510,Snap Ring,"G730, G940C, G780, G946C, G780B, G726, G710, G710B, G940, G736, G730, G940C, G780, G946C, G780B",,,Fasteners & Hardware
13976937,Snap Ring,"L220F, L220D, L260H, L180E, L180, L150C, L150, L180C, L180H, L150G, L220F, L220D, L260H, L180E, L180",,,Fasteners & Hardware
11037596,Retaining Ring,"G946B, G940C, G970, L220D, G960C, G960, G946, G940, G930, G946C, G946B, G940C, G970, L220D, G960C",,,Fasteners & Hardware
9325-08010,Spring Pin,"C240, W180C, W170, R235D, C480E, C235D, C210D, W180E, C235C, C200B, C240, W180C, W170, R235D, C480E",,,Fasteners & Hardware
914465,Retaining Ring,"C350E, L402C, L260H, C210D, G726, L502C, R145D, G736, R145C, G976, C350E, L402C, L260H, C210D, G726",,,Fasteners & Hardware
11144261,Snap Ring,,,,Fasteners & Hardware
13914536,Snap Ring,"C140C, C135B, R145C, C140B, C140, C140C, C135B, R145C, C140B, C140",,,Fasteners & Hardware
3150548,Spring Pin,,,,Fasteners & Hardware
13947281,Gasket,"C350E, L402C, L260H, W160C, C210D, L150C, C280, R145D, C130C, W160, C350E, L402C, L260H, W160C, C210D",,,Engine Components
20505959,Hexagon Nut,"W160C, C210D, R145D, D140B, R145C, W140B, W180B, G976, G746B, G740B, W160C, C210D, R145D, D140B, R145C",,,Fasteners & Hardware
13949851,Washer,"L120D, L120C, L110F, L220F, L220D, L180E, L180, L150C, L150, L180C, L120D, L120C, L110F, L220F, L220D",,,Fasteners & Hardware
1543499,Flange Lock Nut,"L120D, L120C, L120, L220F, L260H, L180E, C230B, L330D, L330E, C280, L120D, L120C, L120, L220F, L260H",,,Fasteners & Hardware
20412308,Hexagon Nut,"R145E, C180E, W145B, C300D, D135B, C180B, L110F, W140D, W180C, D120C, R145E, C180E, W145B, C300D, D135B",,,Fasteners & Hardware
20575919,Stud,"W145B, C300D, T220, C180B, D110, L110F, W180C, W160C, C210D, R305C, W145B, C300D, T220, C180B, D110",,,General Accessories
975110,Engine Speed Control,"L110G, C280, C950E, C750D, L120E, L350F, L110E, C750E, L120G, C700B, L110G, C280, C950E, C750D, L120E",,,Engine Components
20799733,Stud,"R145E, C180E, W145B, C300D, D135B, C180B, L110F, W140D, W180C, D120C, R145E, C180E, W145B, C300D, D135B",,,General Accessories
13947622,Sealing Ring,"C350E, L402C, L260H, W160C, C210D, L150C, C280, R145D, C130C, W160, C350E, L402C, L260H, W160C, C210D",,,Engine Components
984734,Six Point Socket Screw,"C350E, L402C, L260H, W160C, C210D, L150C, L502C, C280, R145D, C130C, C350E, L402C, L260H, W160C, C210D",,,Fasteners & Hardware
990888,Hexagon Screw,"G946B, G940C, G970, G960C, G960, G946, G940, G930, G946C, G940B, G946B, G940C, G970, G960C, G960",,,Fasteners & Hardware
21345127,Stud,"C330B, C360B, C460B, C360C, L150E, L180E, L220E, C460C, C330B, C360B, C460B, C360C, L150E",,,General Accessories
977581,Stud,"C330B, C360B, C460B, C360C, L150E, L180E, L220E, C460C, C330B, C360B, C460B, C360C, L150E",,,General Accessories
994873,Plain Washer,"C350E, L402C, W160C, C210D, G726, L150C, D130, C280, R145D, C130C, C350E, L402C, W160C, C210D, G726",,,Fasteners & Hardware
984740,Screw,"C350E, L260H, W160C, C210D, L150C, C280, R145D, W160, D140B, W140B, C350E, L260H, W160C, C210D, L150C",,,Fasteners & Hardware
984857,Flange Screw,"G940C, L110F, L220F, L220D, G946C, L180E, L110G, L330E, L180H, L150G, G940C, L110F, L220F, L220D, G946C",,,Fasteners & Hardware
955926,Spring Washer,,,,Fasteners & Hardware
946441,Flange Screw,"C350E, L260H, W160C, C210D, L150C, C280, R145D, C130C, W160, D140B, C350E, L260H, W160C, C210D, L150C",,,Fasteners & Hardware
968826,Snap Ring,T450D,,,Fasteners & Hardware
994926,Six Point Socket Screw,"C350E, W160C, C210D, C280, R145D, W140B, W180B, C360B, C950E, L150D, C350E, W160C, C210D, C280, R145D",,,Fasteners & Hardware
977173,Retaining Ring,,,,Fasteners & Hardware
190714,Hollow Screw,"L220F, L260H, L180, L150, L150C, L180C, L180H, L150G, L250G, C380D, L220F, L260H, L180, L150, L150C",,,Fasteners & Hardware
14535304,Washer,,,,Fasteners & Hardware
60111880,Flange Screw,"C350E, L260H, W160C, C210D, L150C, C280, R145D, C130C, W160, R145C, C350E, L260H, W160C, C210D, L150C",,,Fasteners & Hardware
984870,Screw,"C340D, C350E, C480E, L180E, L180, L150, L150C, L110G, L180C, C380D, C340D, C350E, C480E, L180E, L180",,,Fasteners & Hardware
60111964,Hexagon Nut,"C350E, C340D, L220F, C480E, L180E, L330D, L330E, L180H, L150G, C460B, C350E, C340D, L220F, C480E, L180E",,,Fasteners & Hardware
20573472,Spacer Sleeve,"L220H, C350E, C340D, C950E, L150H, C750D, L180H, L150G, C480D, L250G, L220H, C350E, C340D, C950E, L150H",,,General Accessories
914167,Grease Fitting,"C350E, L260H, W160C, C210D, G726, L150C, R145D, G736, R145C, G976, C350E, L260H, W160C, C210D, G726",,,General Accessories
994445,Flange Screw,"L120D, C340D, C350E, L120C, L220F, L220D, L260H, C480E, L180E, C450, L120D, C340D, C350E, L120C, L220F",,,Fasteners & Hardware
997953,Hexagon Screw,,,,Fasteners & Hardware
991046,Hollow Screw,"C350E, C340D, C120D, L110F, L220F, L260H, C480E, L180E, L110G, L180H, C350E, C340D, C120D, L110F, L220F",,,Fasteners & Hardware
60111935,Screw,,,,Fasteners & Hardware
11713849,Screw,,,,Fasteners & Hardware
991593,Snap Ring,,,,Fasteners & Hardware
984865,Flange Screw,"L330E, L120F, C340, L120E, L110F, G970, L350F, L110E, G940, L150E, L330E, L120F, C340, L120E, L110F",,,Fasteners & Hardware
21108676,Sealing Ring,"C250E, R145E, C180E, W145B, C300D, D135B, W140D, W180C, R235D, D120C, C250E, R145E, C180E, W145B, C300D",,,Engine Components
7011996,Gasket,,,,Engine Components
997997,Hexagon Screw,,,,Fasteners & Hardware
14588457,Set Screw,"C350E, C750D, C480D, C380E, C380D, C480E, C700B, W180E, C350D, W210D, C350E, C750D, C480D, C380E, C380D",,,Fasteners & Hardware
60113049,Hex. Socket Screw,,,,Fasteners & Hardware
60110035,Hexagon Screw,,,,Fasteners & Hardware
992328,Flange Nut,,,,Fasteners & Hardware
949387,Snap Ring,T450D,,,Fasteners & Hardware
994401,Flange Screw,,,,Fasteners & Hardware
984762,Flange Screw,"L220H, C350E, C950E, L150H, C750D, L180H, C750E, L260H, C480E, L250H, L220H, C350E, C950E, L150H, C750D",,,Fasteners & Hardware
992342,Flange Screw,,,,Fasteners & Hardware
1669253,Screw,,,,Fasteners & Hardware
60110044,Hexagon Screw,,,,Fasteners & Hardware
60110468,Washer,,,,Fasteners & Hardware
60112052,Six Point Socket Screw,,,,Fasteners & Hardware
1522347,Thrust Washer,,,,Fasteners & Hardware
1524716,Thrust Washer,,,,Fasteners & Hardware
20480075,Input Shaft,"T3210, T2610, T3210, T2610",,,Drivetrain
22763327,Main Shaft,"T2612F, O3112F, T2612F, O3112F",,,Drivetrain
21345131,Screw,"C350E, C340D, L220F, L260H, C480E, L180E, L180H, L150G, C460B, L250G, C350E, C340D, L220F, L260H, C480E",,,Fasteners & Hardware
17397007,Snap Ring,T450D,,,Fasteners & Hardware
20789440,Side Marking Lamp,,,,General Accessories
21870628,Fuel Filter Housing,,,,Filtration & Maintenance
23055326,Pump,,,,Engine Components
17460059,Sealing Ring,"C350E, C340D, L220F, L260H, C480E, L180E, L330D, L330E, L180H, L150G, C350E, C340D, L220F, L260H, C480E",,,Engine Components
22086413,Crankshaft Seal,,,,Drivetrain
1524887,Thrust Washer,"S2610B, T2370A, T3210H, T2370B, T2610H, S2610B, T2370A, T3210H, T2370B, T2610H",,,Fasteners & Hardware
21517690,Gasket,,,,Engine Components
22722746,Cylinder Head Gasket,,,,Engine Components
21160743,Oil Cooler,,,,Filtration & Maintenance
21649624,Charge Air Cooler,,,,General Accessories
8MK 376 747-325,Page Not Found!!!,,,,General Accessories
21634017,Pressure Sensor,,,,Electrical & Electronics
21302639,Pressure Sensor,"D570, D1150, D840, D1683G, D1660, D1640V, D853V, D1351, D1672, D1653G, D570, D1150, D840, D1683G, D1660",,,Electrical & Electronics
21634021,Pressure Sensor,"D570, D1150, D840, D1683G, D1660, D1640V, D853V, D1351, D1672, D1653G, D570, D1150, D840, D1683G, D1660",,,Electrical & Electronics
22899626,Pressure Sensor,"D570, D1150, D840, D1683G, D1660, D1640V, D853V, D1351, D1672, D1653G, D570, D1150, D840, D1683G, D1660",,,Electrical & Electronics
21285163,Temperature Sensor,"C250E, C350E, C340D, R145E, C180E, D135B, G940C, L260H, G946C, C480E, C250E, C350E, C340D, R145E, C180E",,,Electrical & Electronics
15193875,Oil Level Sensor,,,,Electrical & Electronics
21634024,Pressure Sensor,"D880, D570, D1380, D580, D840, D1381, D1180, D850, D870, D840G, D880, D570, D1380, D580, D840",,,Electrical & Electronics
21880678,Pressure Sensor,,,,Electrical & Electronics
23296894,Nipple,,,,General Accessories
21961374,Air Spring Rear Axle,,,,Drivetrain
21451966,Brake Hosing,,,,Brake & Steering Systems
23637093,Wheel Speed Sensor Kit,,,,Electrical & Electronics
21296849,Sensor,,,,Electrical & Electronics
22065601,Switch,,,,Electrical & Electronics
82421049,Panel,,,,General Accessories
23126245,Switch,,,,Electrical & Electronics
3150549,Spring Pin,"T2612F, T2812F, O3112F, O3512F, T2214B, O2612F, T2612F, T2812F, O3112F, O3512F, T2214B",,,Fasteners & Hardware
3979606,Pulley,,,,General Accessories
3090414,Protecting Cap,,,,General Accessories
3098488,Gasket,,,,Engine Components
21887023,Hose Assembly,,,,Hydraulic Systems
20533211,Spring Brake Cylinder,,,,Hydraulic Systems
22222030,Instrument Cluster,,,,General Accessories
21957045,Switch,,,,Electrical & Electronics
21376743,Sleeve,,,,General Accessories
21288834,Inlet Hose,,,,Hydraulic Systems
23413384,Steering Hose Connection Adapter,,,,Hydraulic Systems
21504880,Quick Coupling,,,,General Accessories
23871484,Valve,"D1380, D1180, D1381, D1380, D1180, D1381",,,Engine Components
23871482,Control Valve,"D1380, D1180, D1381, D1380, D1180, D1381",,,Engine Components
1096470,Retainer,,,,General Accessories
22583048,Gear Selector,"T2412E, O3112E, T2412D, T2812D, O3512E, T2812E, T2412F, T2612D, T2612F, O2612E, T2412E, O3112E, T2412D, T2812D, O3512E",,,Drivetrain
21447682,Gasket,"D1344G, D1354G, D1351G, D1345G, D1341G, D1351, D1342G, D1341, D1352G, D1350G, D1344G, D1354G, D1351G, D1345G, D1341G",,,Engine Components
21207195,Cable,,,,General Accessories
22157728,Switch Panel,,,,Electrical & Electronics
21845841,Servo Pipe,,,,General Accessories
24424792,Lock Brace,,,,General Accessories
21504162,Manifold,,,,General Accessories
1522293,Nut,"L120D, L120C, L110F, L220F, L220D, L260H, L180E, L110G, L180H, L150G, L120D, L120C, L110F, L220F, L220D",,,Fasteners & Hardware
22031832,Fan Hub,"C950E, G970, L350F, G960, G946, G940, L150E, G930, G976, G990, C950E, G970, L350F, G960, G946",,,General Accessories
1523317,Washer,"L120D, L120C, L110F, L220F, L220D, L260H, L180E, L180, L150C, L150, L120D, L120C, L110F, L220F, L220D",,,Fasteners & Hardware
478344,Spacer Sleeve,"L220F, L180E, C450, L180, L180C, C460B, G940, G976, C360B, C700C, L220F, L180E, C450, L180, L180C",,,General Accessories
8148729,Connector,"L220F, L180E, C460B, G940, G976, C360B, C700C, G990, T450D, C330C, L220F, L180E, C460B, G940, G976",,,General Accessories
21189159,Washer Pump,"L330E, L120E, L110E, L150E, L180E, L220E, L330E, L120E, L110E, L150E, L180E",,,Engine Components
22902431,Pump Unit,"D1650G, D1662V, D1652G, D1640G, D1641V, D1642G, D1653G, D1641G, D1663G, D1643V, D1650G, D1662V, D1652G, D1640G, D1641V",,,Engine Components
20850557,Sensor,,,,Electrical & Electronics
21736639,Oil Pump,"D1141V, D1150V, D940G, D1152V, G970, D1142V, D1140V, D1151V, D941G, G960, D1141V, D1150V, D940G, D1152V, G970",,,Engine Components
1546458,Ball Stud,"C340D, L220F, L180E, L150G, C460B, L250G, C380D, G940, G976, C360B, C340D, L220F, L180E, L150G, C460B",,,General Accessories
20898010,Piston Bushing,,,,Engine Components
24426723,Expansion Plug,"C350E, L260H, C480E, L180H, G940, G976, C700C, G990, C950E, L150H, C350E, L260H, C480E, L180H, G940",,,General Accessories
11198021,Electro-Hydraulic Pump,T450D,,,Engine Components
21986056,Fan Hub,"L220H, C350E, C340D, L150H, L180H, L150G, C480D, L250G, C380D, L260H, L220H, C350E, C340D, L150H, L180H",,,General Accessories
272910,Cross Shaft,,,,Drivetrain
8550977,Repair Kit,,,,General Accessories
21450362,Cover,,,,General Accessories
20578932,Exhaust Manifold,"C700B, C700C, C700B, C700C",,,General Accessories
1696924,Pinion,L616,,,General Accessories
1696925,Pinion,,,,General Accessories
3097092,Return Spring,,,,Fasteners & Hardware
21343579,Gear Shift Cable,,,,Drivetrain
20364797,Cover,,,,General Accessories
3095479,Overflow Valve,,,,Engine Components
3169573,Seal,,,,Engine Components
21870635,Fuel Filter Housing,,,,Filtration & Maintenance
24124156,Thrust Washer Kit,"D120, D950, D120, D950",,,Fasteners & Hardware
8171930,Bearing Housing,,,,Drivetrain
3090997,Adjusting Device,,,,General Accessories
3090998,Adjusting Device,,,,General Accessories
21021925,Pipe,,,,General Accessories
20443004,Lock,,,,General Accessories
1523372,Lock Brace,"L220H, L250G, L220F, L220D, L220G, L220E, L250H, L220H, L250G, L220F, L220D, L220G",,,General Accessories
20555313,Connection Pipe,,,,General Accessories
21186657,Steering Pump,,,,Engine Components
272904,Brake Repair Kit,,,,Brake & Steering Systems
20479961,Debriyaj Alt Merkez Hortumu,,,,General Accessories
20884328,Valve,"C350E, D1683V, D1344G, D1150, D1640, C480E, D1354G, D1660, D1683G, D1640V, C350E, D1683V, D1344G, D1150, D1640",,,Engine Components
20872625,Gearbox Solenoid,,,,Drivetrain
3199261,Compression Spring,,,,Fasteners & Hardware
1088812,Bushing,,,,General Accessories
21451967,Brake Drum,,,,Brake & Steering Systems
17418494,Battery Main Switch,,,,Electrical & Electronics
20569986,Switch,,,,Electrical & Electronics
21789708,Gear Shift Cable,,,,Drivetrain
20519534,Seal,,,,Engine Components
85104850,Chek Valve,,,,Engine Components
21140387,Spring,"T2412B, T2512C, T2412C, T2812C, O2512C, O3112C, T2214B, T2412B, T2512C, T2412C, T2812C, O2512C",,,Fasteners & Hardware
21924453,Fan Hub,,,,General Accessories
21321845,Front Spring Anchorage,,,,Fasteners & Hardware
21102704,Hexagon Nut,,,,Fasteners & Hardware
21102706,Axle Lock Washer,,,,Drivetrain
21171973,Cab Absorber,,,,General Accessories
21430905,Shock Absorber,,,,General Accessories
23409774,Hub Cover,,,,General Accessories
22343361,Wiring Harness,,,,Fasteners & Hardware
20785497,Sleeve,,,,General Accessories
22161226,Noise Resonator,,,,General Accessories
22343343,Cable Hairness,,,,General Accessories
21328181,Hub,,,,General Accessories
1521934,Selector Fork,,,,General Accessories
20488065,Gear Shift Lever Knob,"R1900, R1700, R1900, R1700",,,Drivetrain
3801872,Pump Unit,"D841V, D570V, D571V, D570, D840, D572V, D843V, D852V, D842V, D850, D841V, D570V, D571V, D570, D840",,,Engine Components
8171156,O-Ring Kit,R3250,,,Fasteners & Hardware
24476465,Cable Harness,,,,General Accessories
22142750,Noise Resonator,,,,General Accessories
20393759,Arm,,,,General Accessories
21415427,Sealing Ring,"C340D, C480E, B2800C, R2800C, L150G, L180H, L250G, C380D, G940, G976, C340D, C480E, B2800C, R2800C, L150G",,,Engine Components
990757,Sealing Ring,"L110F, L220F, L260H, L180E, C450, W150C, L110G, L330E, C280, C620, L110F, L220F, L260H, L180E, C450",,,Engine Components
20532272,Sealing Strip,"T450D, C330C, L180F, C330B, C360B, C460B, L220F, C360C, L150E, L180E, T450D, C330C, L180F, C330B, C360B",,,Engine Components
21352841,Gasket,"D1651V, D1640, D1640V, D1653G, D1663G, D1643V, D1660V, D1661V, D1644G, D1650G, D1651V, D1640, D1640V, D1653G, D1663G",,,Engine Components
1675066,Sealing Ring,"C350E, C340D, C480E, L180E, G780B, L110G, L330E, L150G, C460B, G710B, C350E, C340D, C480E, L180E, G780B",,,Engine Components
20799996,Sealing Ring,"C950E, C750D, L350F, C750E, C700B, C700C, C950E, C750D, L350F, C750E, C700B",,,Engine Components
21423788,Gasket,"C950E, C750D, C750E, C700B, C700C, C950E, C750D, C750E, C700B, C700C",,,Engine Components
20479636,Sealing Strip,"L220H, L150H, L180H, L150G, C480D, L250G, C380D, L260H, L220G, L180G, L220H, L150H, L180H, L150G, C480D",,,Engine Components
21503575,Sealing Ring,,,,Engine Components
990719,O-Ring,"C350E, C340D, L220F, L260H, C480E, L180E, L180H, L150G, C460B, L250G, C350E, C340D, L220F, L260H, C480E",,,Fasteners & Hardware
20430678,Sealing Ring,"C350E, C340D, L260H, C480E, L180H, L150G, L250G, C380D, G940, G976, C350E, C340D, L260H, C480E, L180H",,,Engine Components
20532891,Gasket,"C350E, C340D, L260H, C480E, L180H, L150G, L250G, C380D, C700C, C950E, C350E, C340D, L260H, C480E, L180H",,,Engine Components
20707685,Plane Gasket,"L220H, L150H, C750D, L180H, L260H, L250H, L220H, L150H, C750D, L180H, L260H",,,Engine Components
20541940,Gasket,,,,Engine Components
20855371,Gasket,"D1344G, D1354G, D1351G, D1345G, D1341G, D1351, D1342G, D1346G, D1341, D1352G, D1344G, D1354G, D1351G, D1345G, D1341G",,,Engine Components
21383310,Gasket,"L220H, C350E, L150H, L180H, L150G, C480D, L250G, C380D, L260H, C480E, L220H, C350E, L150H, L180H, L150G",,,Engine Components
470993,Gasket,"C350E, C340D, L260H, C480E, L150, L150C, C620, L180H, L150G, L250G, C350E, C340D, L260H, C480E, L150",,,Engine Components
1523318,Lock Washer,"L120D, L120C, L110F, L220F, L220D, L260H, L180E, L180, L150C, L150, L120D, L120C, L110F, L220F, L220D",,,Fasteners & Hardware
22766751,Gear,,,,Drivetrain
1524882,Spacer Sleeve,,,,General Accessories
3152714,Dog Clutch,"T3210, T2610, T3210, T2610",,,Drivetrain
1523319,Lock Washer,"L120D, L120C, L110F, L220F, L220D, L260H, L180E, L180, L150C, L150, L120D, L120C, L110F, L220F, L220D",,,Fasteners & Hardware
8131848,Gear,"L220H, C350E, C340D, L150H, L180H, L150G, C480D, L250G, C750E, L260H, L220H, C350E, C340D, L150H, L180H",,,Drivetrain
20366642,Plug,,,,General Accessories
21302562,Hub Casing,,,,General Accessories
21582747,Housing,,,,General Accessories
1069030,Oil Collector,,,,Filtration & Maintenance
24185706,Shim,"H2610B, T2610H, T3210H, H2610B, T2610H, T3210H",,,General Accessories
21302576,Sun Gear,,,,Drivetrain
21724563,Housing,,,,General Accessories
20502976,Rubber Cushion,,,,General Accessories
3090954,Dust Cover,,,,General Accessories
20390840,Bushing,,,,General Accessories
20390836,Rubber Spring,,,,Fasteners & Hardware
20723224,Rubber Cushion,,,,General Accessories
20393755,Control Rod,,,,General Accessories
471626,Sealing Ring,"L120D, C350E, C340D, L120C, L120, L260H, C480E, C230B, C280, C620, L120D, C350E, C340D, L120C, L120",,,Engine Components
24426722,Expansion Plug,"C350E, C340D, L260H, C480E, L180H, L150G, L250G, C380D, G940, G976, C350E, C340D, L260H, C480E, L180H",,,General Accessories
3161219,Coolant Pipe,,,,General Accessories
20792440,Rear Wheel Bearing Set,,,,Drivetrain
1075004,Hose Assembly,,,,Hydraulic Systems
20571452,Outlet Pipe,"C950E, C750D, L350F, C750E, C700B, C700C, C950E, C750D, L350F, C750E, C700B",,,General Accessories
21129681,Pipe,,,,General Accessories
22938292,Breake Hose,,,,Hydraulic Systems
21259899,Pipe,,,,General Accessories
84168589,Hose,,,,Hydraulic Systems
21829959,Hose,,,,Hydraulic Systems
22336397,Hose,,,,Hydraulic Systems
21845838,Servo Pipe,,,,General Accessories
21350581,Door Stop,,,,General Accessories
82356810,Glass; Left,,,,General Accessories
84135623,Lock Pin,,,,General Accessories
22647976,Gear Selector,,,,Drivetrain
23883077,Fan Shroud,,,,General Accessories
